                                      1 ;--------------------------------------------------------
                                      2 ; File Created by SDCC : free open source ISO C Compiler
                                      3 ; Version 4.5.1 #15267 (Linux)
                                      4 ;--------------------------------------------------------
                                      5 	.module png_prueba
                                      6 	
                                      7 ;--------------------------------------------------------
                                      8 ; Public variables in this module
                                      9 ;--------------------------------------------------------
                                     10 	.globl _png_prueba_map
                                     11 	.globl _png_prueba_tiles
                                     12 	.globl _png_prueba_palettes
                                     13 	.globl b___func_png_prueba
                                     14 	.globl ___func_png_prueba
                                     15 ;--------------------------------------------------------
                                     16 ; special function registers
                                     17 ;--------------------------------------------------------
                                     18 ;--------------------------------------------------------
                                     19 ; ram data
                                     20 ;--------------------------------------------------------
                                     21 	.area _DATA
                                     22 ;--------------------------------------------------------
                                     23 ; ram data
                                     24 ;--------------------------------------------------------
                                     25 	.area _INITIALIZED
                                     26 ;--------------------------------------------------------
                                     27 ; absolute external ram data
                                     28 ;--------------------------------------------------------
                                     29 	.area _DABS (ABS)
                                     30 ;--------------------------------------------------------
                                     31 ; global & static initialisations
                                     32 ;--------------------------------------------------------
                                     33 	.area _HOME
                                     34 	.area _GSINIT
                                     35 	.area _GSFINAL
                                     36 	.area _GSINIT
                                     37 ;--------------------------------------------------------
                                     38 ; Home
                                     39 ;--------------------------------------------------------
                                     40 	.area _HOME
                                     41 	.area _HOME
                                     42 ;--------------------------------------------------------
                                     43 ; code
                                     44 ;--------------------------------------------------------
                                     45 	.area _CODE
                                     46 ;res/png_prueba.c:7: BANKREF(png_prueba)
                                     47 ;	---------------------------------
                                     48 ; Function __func_png_prueba
                                     49 ; ---------------------------------
                         00000000    50 	b___func_png_prueba	= 0
    00000000                         51 ___func_png_prueba::
                                     52 	.local b___func_png_prueba 
                         00000000    53 	___bank_png_prueba = b___func_png_prueba 
                                     54 	.globl ___bank_png_prueba 
                                     55 	.area _CODE
    00000000                         56 _png_prueba_palettes:
    00000000 FF 7F                   57 	.dw #0x7fff
    00000002 B6 3A                   58 	.dw #0x3ab6
    00000004 2B 15                   59 	.dw #0x152b
    00000006 00 00                   60 	.dw #0x0000
    00000008                         61 _png_prueba_tiles:
    00000008 FF                      62 	.db #0xff	; 255
    00000009 FF                      63 	.db #0xff	; 255
    0000000A FF                      64 	.db #0xff	; 255
    0000000B FF                      65 	.db #0xff	; 255
    0000000C FF                      66 	.db #0xff	; 255
    0000000D FF                      67 	.db #0xff	; 255
    0000000E FF                      68 	.db #0xff	; 255
    0000000F FF                      69 	.db #0xff	; 255
    00000010 FF                      70 	.db #0xff	; 255
    00000011 FF                      71 	.db #0xff	; 255
    00000012 FF                      72 	.db #0xff	; 255
    00000013 FF                      73 	.db #0xff	; 255
    00000014 FF                      74 	.db #0xff	; 255
    00000015 FF                      75 	.db #0xff	; 255
    00000016 FF                      76 	.db #0xff	; 255
    00000017 FF                      77 	.db #0xff	; 255
    00000018 FF                      78 	.db #0xff	; 255
    00000019 FF                      79 	.db #0xff	; 255
    0000001A FF                      80 	.db #0xff	; 255
    0000001B FF                      81 	.db #0xff	; 255
    0000001C FF                      82 	.db #0xff	; 255
    0000001D FF                      83 	.db #0xff	; 255
    0000001E F5                      84 	.db #0xf5	; 245
    0000001F FF                      85 	.db #0xff	; 255
    00000020 BA                      86 	.db #0xba	; 186
    00000021 FF                      87 	.db #0xff	; 255
    00000022 00                      88 	.db #0x00	; 0
    00000023 FF                      89 	.db #0xff	; 255
    00000024 20                      90 	.db #0x20	; 32
    00000025 FF                      91 	.db #0xff	; 255
    00000026 00                      92 	.db #0x00	; 0
    00000027 FF                      93 	.db #0xff	; 255
    00000028 FF                      94 	.db #0xff	; 255
    00000029 FF                      95 	.db #0xff	; 255
    0000002A FF                      96 	.db #0xff	; 255
    0000002B FF                      97 	.db #0xff	; 255
    0000002C E0                      98 	.db #0xe0	; 224
    0000002D FF                      99 	.db #0xff	; 255
    0000002E 00                     100 	.db #0x00	; 0
    0000002F FF                     101 	.db #0xff	; 255
    00000030 88                     102 	.db #0x88	; 136
    00000031 FF                     103 	.db #0xff	; 255
    00000032 00                     104 	.db #0x00	; 0
    00000033 FF                     105 	.db #0xff	; 255
    00000034 20                     106 	.db #0x20	; 32
    00000035 FF                     107 	.db #0xff	; 255
    00000036 00                     108 	.db #0x00	; 0
    00000037 FF                     109 	.db #0xff	; 255
    00000038 FF                     110 	.db #0xff	; 255
    00000039 FF                     111 	.db #0xff	; 255
    0000003A FF                     112 	.db #0xff	; 255
    0000003B FF                     113 	.db #0xff	; 255
    0000003C 00                     114 	.db #0x00	; 0
    0000003D FF                     115 	.db #0xff	; 255
    0000003E 00                     116 	.db #0x00	; 0
    0000003F FF                     117 	.db #0xff	; 255
    00000040 80                     118 	.db #0x80	; 128
    00000041 FF                     119 	.db #0xff	; 255
    00000042 2F                     120 	.db #0x2f	; 47
    00000043 D0                     121 	.db #0xd0	; 208
    00000044 05                     122 	.db #0x05	; 5
    00000045 FA                     123 	.db #0xfa	; 250
    00000046 0B                     124 	.db #0x0b	; 11
    00000047 F4                     125 	.db #0xf4	; 244
    00000048 FF                     126 	.db #0xff	; 255
    00000049 FF                     127 	.db #0xff	; 255
    0000004A FD                     128 	.db #0xfd	; 253
    0000004B FF                     129 	.db #0xff	; 255
    0000004C 20                     130 	.db #0x20	; 32
    0000004D FF                     131 	.db #0xff	; 255
    0000004E 08                     132 	.db #0x08	; 8
    0000004F F7                     133 	.db #0xf7	; 247
    00000050 8A                     134 	.db #0x8a	; 138
    00000051 FF                     135 	.db #0xff	; 255
    00000052 00                     136 	.db #0x00	; 0
    00000053 FF                     137 	.db #0xff	; 255
    00000054 00                     138 	.db #0x00	; 0
    00000055 FF                     139 	.db #0xff	; 255
    00000056 E8                     140 	.db #0xe8	; 232
    00000057 17                     141 	.db #0x17	; 23
    00000058 FF                     142 	.db #0xff	; 255
    00000059 FF                     143 	.db #0xff	; 255
    0000005A 55                     144 	.db #0x55	; 85	'U'
    0000005B FF                     145 	.db #0xff	; 255
    0000005C 20                     146 	.db #0x20	; 32
    0000005D FF                     147 	.db #0xff	; 255
    0000005E 00                     148 	.db #0x00	; 0
    0000005F FE                     149 	.db #0xfe	; 254
    00000060 A4                     150 	.db #0xa4	; 164
    00000061 F8                     151 	.db #0xf8	; 248
    00000062 08                     152 	.db #0x08	; 8
    00000063 F4                     153 	.db #0xf4	; 244
    00000064 0C                     154 	.db #0x0c	; 12
    00000065 F0                     155 	.db #0xf0	; 240
    00000066 AC                     156 	.db #0xac	; 172
    00000067 50                     157 	.db #0x50	; 80	'P'
    00000068 FF                     158 	.db #0xff	; 255
    00000069 FF                     159 	.db #0xff	; 255
    0000006A FF                     160 	.db #0xff	; 255
    0000006B FF                     161 	.db #0xff	; 255
    0000006C 02                     162 	.db #0x02	; 2
    0000006D FF                     163 	.db #0xff	; 255
    0000006E 88                     164 	.db #0x88	; 136
    0000006F 77                     165 	.db #0x77	; 119	'w'
    00000070 C0                     166 	.db #0xc0	; 192
    00000071 3F                     167 	.db #0x3f	; 63
    00000072 F8                     168 	.db #0xf8	; 248
    00000073 07                     169 	.db #0x07	; 7
    00000074 54                     170 	.db #0x54	; 84	'T'
    00000075 AB                     171 	.db #0xab	; 171
    00000076 78                     172 	.db #0x78	; 120	'x'
    00000077 87                     173 	.db #0x87	; 135
    00000078 FF                     174 	.db #0xff	; 255
    00000079 FF                     175 	.db #0xff	; 255
    0000007A F5                     176 	.db #0xf5	; 245
    0000007B FF                     177 	.db #0xff	; 255
    0000007C 20                     178 	.db #0x20	; 32
    0000007D FF                     179 	.db #0xff	; 255
    0000007E 00                     180 	.db #0x00	; 0
    0000007F FF                     181 	.db #0xff	; 255
    00000080 08                     182 	.db #0x08	; 8
    00000081 FF                     183 	.db #0xff	; 255
    00000082 02                     184 	.db #0x02	; 2
    00000083 FD                     185 	.db #0xfd	; 253
    00000084 00                     186 	.db #0x00	; 0
    00000085 FF                     187 	.db #0xff	; 255
    00000086 20                     188 	.db #0x20	; 32
    00000087 DF                     189 	.db #0xdf	; 223
    00000088 FF                     190 	.db #0xff	; 255
    00000089 FF                     191 	.db #0xff	; 255
    0000008A FD                     192 	.db #0xfd	; 253
    0000008B FF                     193 	.db #0xff	; 255
    0000008C 00                     194 	.db #0x00	; 0
    0000008D FF                     195 	.db #0xff	; 255
    0000008E 00                     196 	.db #0x00	; 0
    0000008F FF                     197 	.db #0xff	; 255
    00000090 00                     198 	.db #0x00	; 0
    00000091 FF                     199 	.db #0xff	; 255
    00000092 00                     200 	.db #0x00	; 0
    00000093 FF                     201 	.db #0xff	; 255
    00000094 00                     202 	.db #0x00	; 0
    00000095 FF                     203 	.db #0xff	; 255
    00000096 88                     204 	.db #0x88	; 136
    00000097 77                     205 	.db #0x77	; 119	'w'
    00000098 FF                     206 	.db #0xff	; 255
    00000099 FF                     207 	.db #0xff	; 255
    0000009A DF                     208 	.db #0xdf	; 223
    0000009B FF                     209 	.db #0xff	; 255
    0000009C 08                     210 	.db #0x08	; 8
    0000009D FF                     211 	.db #0xff	; 255
    0000009E 00                     212 	.db #0x00	; 0
    0000009F FF                     213 	.db #0xff	; 255
    000000A0 81                     214 	.db #0x81	; 129
    000000A1 FF                     215 	.db #0xff	; 255
    000000A2 08                     216 	.db #0x08	; 8
    000000A3 F7                     217 	.db #0xf7	; 247
    000000A4 00                     218 	.db #0x00	; 0
    000000A5 FF                     219 	.db #0xff	; 255
    000000A6 00                     220 	.db #0x00	; 0
    000000A7 FF                     221 	.db #0xff	; 255
    000000A8 FF                     222 	.db #0xff	; 255
    000000A9 FF                     223 	.db #0xff	; 255
    000000AA FF                     224 	.db #0xff	; 255
    000000AB FF                     225 	.db #0xff	; 255
    000000AC EF                     226 	.db #0xef	; 239
    000000AD FF                     227 	.db #0xff	; 255
    000000AE 77                     228 	.db #0x77	; 119	'w'
    000000AF FF                     229 	.db #0xff	; 255
    000000B0 EF                     230 	.db #0xef	; 239
    000000B1 FF                     231 	.db #0xff	; 255
    000000B2 9F                     232 	.db #0x9f	; 159
    000000B3 FF                     233 	.db #0xff	; 255
    000000B4 0F                     234 	.db #0x0f	; 15
    000000B5 FF                     235 	.db #0xff	; 255
    000000B6 07                     236 	.db #0x07	; 7
    000000B7 FF                     237 	.db #0xff	; 255
    000000B8 FF                     238 	.db #0xff	; 255
    000000B9 FF                     239 	.db #0xff	; 255
    000000BA FF                     240 	.db #0xff	; 255
    000000BB FF                     241 	.db #0xff	; 255
    000000BC FF                     242 	.db #0xff	; 255
    000000BD FF                     243 	.db #0xff	; 255
    000000BE FF                     244 	.db #0xff	; 255
    000000BF FF                     245 	.db #0xff	; 255
    000000C0 FF                     246 	.db #0xff	; 255
    000000C1 FF                     247 	.db #0xff	; 255
    000000C2 FF                     248 	.db #0xff	; 255
    000000C3 FF                     249 	.db #0xff	; 255
    000000C4 FF                     250 	.db #0xff	; 255
    000000C5 FF                     251 	.db #0xff	; 255
    000000C6 BA                     252 	.db #0xba	; 186
    000000C7 C5                     253 	.db #0xc5	; 197
    000000C8 FF                     254 	.db #0xff	; 255
    000000C9 FF                     255 	.db #0xff	; 255
    000000CA FF                     256 	.db #0xff	; 255
    000000CB FF                     257 	.db #0xff	; 255
    000000CC FF                     258 	.db #0xff	; 255
    000000CD FF                     259 	.db #0xff	; 255
    000000CE FF                     260 	.db #0xff	; 255
    000000CF FF                     261 	.db #0xff	; 255
    000000D0 FF                     262 	.db #0xff	; 255
    000000D1 FF                     263 	.db #0xff	; 255
    000000D2 FF                     264 	.db #0xff	; 255
    000000D3 FF                     265 	.db #0xff	; 255
    000000D4 F7                     266 	.db #0xf7	; 247
    000000D5 FF                     267 	.db #0xff	; 255
    000000D6 E2                     268 	.db #0xe2	; 226
    000000D7 1D                     269 	.db #0x1d	; 29
    000000D8 FF                     270 	.db #0xff	; 255
    000000D9 FF                     271 	.db #0xff	; 255
    000000DA FF                     272 	.db #0xff	; 255
    000000DB FF                     273 	.db #0xff	; 255
    000000DC FF                     274 	.db #0xff	; 255
    000000DD FF                     275 	.db #0xff	; 255
    000000DE FF                     276 	.db #0xff	; 255
    000000DF FF                     277 	.db #0xff	; 255
    000000E0 FF                     278 	.db #0xff	; 255
    000000E1 FF                     279 	.db #0xff	; 255
    000000E2 FE                     280 	.db #0xfe	; 254
    000000E3 F9                     281 	.db #0xf9	; 249
    000000E4 FD                     282 	.db #0xfd	; 253
    000000E5 E2                     283 	.db #0xe2	; 226
    000000E6 EE                     284 	.db #0xee	; 238
    000000E7 11                     285 	.db #0x11	; 17
    000000E8 FE                     286 	.db #0xfe	; 254
    000000E9 FF                     287 	.db #0xff	; 255
    000000EA FE                     288 	.db #0xfe	; 254
    000000EB FF                     289 	.db #0xff	; 255
    000000EC FC                     290 	.db #0xfc	; 252
    000000ED FF                     291 	.db #0xff	; 255
    000000EE FA                     292 	.db #0xfa	; 250
    000000EF FD                     293 	.db #0xfd	; 253
    000000F0 E0                     294 	.db #0xe0	; 224
    000000F1 FF                     295 	.db #0xff	; 255
    000000F2 82                     296 	.db #0x82	; 130
    000000F3 7D                     297 	.db #0x7d	; 125
    000000F4 40                     298 	.db #0x40	; 64
    000000F5 BF                     299 	.db #0xbf	; 191
    000000F6 BE                     300 	.db #0xbe	; 190
    000000F7 45                     301 	.db #0x45	; 69	'E'
    000000F8 88                     302 	.db #0x88	; 136
    000000F9 FF                     303 	.db #0xff	; 255
    000000FA 60                     304 	.db #0x60	; 96
    000000FB 9F                     305 	.db #0x9f	; 159
    000000FC 02                     306 	.db #0x02	; 2
    000000FD FF                     307 	.db #0xff	; 255
    000000FE 00                     308 	.db #0x00	; 0
    000000FF FF                     309 	.db #0xff	; 255
    00000100 80                     310 	.db #0x80	; 128
    00000101 FF                     311 	.db #0xff	; 255
    00000102 03                     312 	.db #0x03	; 3
    00000103 FC                     313 	.db #0xfc	; 252
    00000104 05                     314 	.db #0x05	; 5
    00000105 FA                     315 	.db #0xfa	; 250
    00000106 08                     316 	.db #0x08	; 8
    00000107 F4                     317 	.db #0xf4	; 244
    00000108 A8                     318 	.db #0xa8	; 168
    00000109 FF                     319 	.db #0xff	; 255
    0000010A 02                     320 	.db #0x02	; 2
    0000010B FD                     321 	.db #0xfd	; 253
    0000010C 05                     322 	.db #0x05	; 5
    0000010D FA                     323 	.db #0xfa	; 250
    0000010E AA                     324 	.db #0xaa	; 170
    0000010F 55                     325 	.db #0x55	; 85	'U'
    00000110 57                     326 	.db #0x57	; 87	'W'
    00000111 A8                     327 	.db #0xa8	; 168
    00000112 DD                     328 	.db #0xdd	; 221
    00000113 00                     329 	.db #0x00	; 0
    00000114 DF                     330 	.db #0xdf	; 223
    00000115 20                     331 	.db #0x20	; 32
    00000116 00                     332 	.db #0x00	; 0
    00000117 00                     333 	.db #0x00	; 0
    00000118 51                     334 	.db #0x51	; 81	'Q'
    00000119 AE                     335 	.db #0xae	; 174
    0000011A AB                     336 	.db #0xab	; 171
    0000011B 54                     337 	.db #0x54	; 84	'T'
    0000011C 44                     338 	.db #0x44	; 68	'D'
    0000011D BB                     339 	.db #0xbb	; 187
    0000011E 8F                     340 	.db #0x8f	; 143
    0000011F 70                     341 	.db #0x70	; 112	'p'
    00000120 FF                     342 	.db #0xff	; 255
    00000121 00                     343 	.db #0x00	; 0
    00000122 FD                     344 	.db #0xfd	; 253
    00000123 00                     345 	.db #0x00	; 0
    00000124 ED                     346 	.db #0xed	; 237
    00000125 02                     347 	.db #0x02	; 2
    00000126 28                     348 	.db #0x28	; 40
    00000127 00                     349 	.db #0x00	; 0
    00000128 08                     350 	.db #0x08	; 8
    00000129 FF                     351 	.db #0xff	; 255
    0000012A E8                     352 	.db #0xe8	; 232
    0000012B 17                     353 	.db #0x17	; 23
    0000012C 40                     354 	.db #0x40	; 64
    0000012D BF                     355 	.db #0xbf	; 191
    0000012E 80                     356 	.db #0x80	; 128
    0000012F 7F                     357 	.db #0x7f	; 127
    00000130 F0                     358 	.db #0xf0	; 240
    00000131 0F                     359 	.db #0x0f	; 15
    00000132 5A                     360 	.db #0x5a	; 90	'Z'
    00000133 05                     361 	.db #0x05	; 5
    00000134 6D                     362 	.db #0x6d	; 109	'm'
    00000135 82                     363 	.db #0x82	; 130
    00000136 0F                     364 	.db #0x0f	; 15
    00000137 10                     365 	.db #0x10	; 16
    00000138 0C                     366 	.db #0x0c	; 12
    00000139 F0                     367 	.db #0xf0	; 240
    0000013A 28                     368 	.db #0x28	; 40
    0000013B D4                     369 	.db #0xd4	; 212
    0000013C 18                     370 	.db #0x18	; 24
    0000013D E5                     371 	.db #0xe5	; 229
    0000013E B0                     372 	.db #0xb0	; 176
    0000013F 45                     373 	.db #0x45	; 69	'E'
    00000140 18                     374 	.db #0x18	; 24
    00000141 E5                     375 	.db #0xe5	; 229
    00000142 31                     376 	.db #0x31	; 49	'1'
    00000143 C2                     377 	.db #0xc2	; 194
    00000144 70                     378 	.db #0x70	; 112	'p'
    00000145 81                     379 	.db #0x81	; 129
    00000146 C0                     380 	.db #0xc0	; 192
    00000147 10                     381 	.db #0x10	; 16
    00000148 74                     382 	.db #0x74	; 116	't'
    00000149 8B                     383 	.db #0x8b	; 139
    0000014A D8                     384 	.db #0xd8	; 216
    0000014B 07                     385 	.db #0x07	; 7
    0000014C FC                     386 	.db #0xfc	; 252
    0000014D 03                     387 	.db #0x03	; 3
    0000014E 7E                     388 	.db #0x7e	; 126
    0000014F 01                     389 	.db #0x01	; 1
    00000150 FC                     390 	.db #0xfc	; 252
    00000151 03                     391 	.db #0x03	; 3
    00000152 3A                     392 	.db #0x3a	; 58
    00000153 45                     393 	.db #0x45	; 69	'E'
    00000154 DD                     394 	.db #0xdd	; 221
    00000155 22                     395 	.db #0x22	; 34
    00000156 7F                     396 	.db #0x7f	; 127
    00000157 80                     397 	.db #0x80	; 128
    00000158 04                     398 	.db #0x04	; 4
    00000159 FB                     399 	.db #0xfb	; 251
    0000015A 0A                     400 	.db #0x0a	; 10
    0000015B F5                     401 	.db #0xf5	; 245
    0000015C 05                     402 	.db #0x05	; 5
    0000015D FA                     403 	.db #0xfa	; 250
    0000015E EE                     404 	.db #0xee	; 238
    0000015F 11                     405 	.db #0x11	; 17
    00000160 50                     406 	.db #0x50	; 80	'P'
    00000161 AF                     407 	.db #0xaf	; 175
    00000162 FE                     408 	.db #0xfe	; 254
    00000163 01                     409 	.db #0x01	; 1
    00000164 C7                     410 	.db #0xc7	; 199
    00000165 30                     411 	.db #0x30	; 48	'0'
    00000166 03                     412 	.db #0x03	; 3
    00000167 40                     413 	.db #0x40	; 64
    00000168 00                     414 	.db #0x00	; 0
    00000169 FF                     415 	.db #0xff	; 255
    0000016A 08                     416 	.db #0x08	; 8
    0000016B F7                     417 	.db #0xf7	; 247
    0000016C 00                     418 	.db #0x00	; 0
    0000016D FF                     419 	.db #0xff	; 255
    0000016E 80                     420 	.db #0x80	; 128
    0000016F 7F                     421 	.db #0x7f	; 127
    00000170 00                     422 	.db #0x00	; 0
    00000171 FF                     423 	.db #0xff	; 255
    00000172 03                     424 	.db #0x03	; 3
    00000173 FC                     425 	.db #0xfc	; 252
    00000174 05                     426 	.db #0x05	; 5
    00000175 FA                     427 	.db #0xfa	; 250
    00000176 8C                     428 	.db #0x8c	; 140
    00000177 72                     429 	.db #0x72	; 114	'r'
    00000178 0B                     430 	.db #0x0b	; 11
    00000179 FF                     431 	.db #0xff	; 255
    0000017A 00                     432 	.db #0x00	; 0
    0000017B FF                     433 	.db #0xff	; 255
    0000017C 00                     434 	.db #0x00	; 0
    0000017D FF                     435 	.db #0xff	; 255
    0000017E 0E                     436 	.db #0x0e	; 14
    0000017F F1                     437 	.db #0xf1	; 241
    00000180 10                     438 	.db #0x10	; 16
    00000181 EF                     439 	.db #0xef	; 239
    00000182 E0                     440 	.db #0xe0	; 224
    00000183 1F                     441 	.db #0x1f	; 31
    00000184 55                     442 	.db #0x55	; 85	'U'
    00000185 AA                     443 	.db #0xaa	; 170
    00000186 1E                     444 	.db #0x1e	; 30
    00000187 20                     445 	.db #0x20	; 32
    00000188 FF                     446 	.db #0xff	; 255
    00000189 FF                     447 	.db #0xff	; 255
    0000018A 5D                     448 	.db #0x5d	; 93
    0000018B FF                     449 	.db #0xff	; 255
    0000018C FF                     450 	.db #0xff	; 255
    0000018D FE                     451 	.db #0xfe	; 254
    0000018E 05                     452 	.db #0x05	; 5
    0000018F FE                     453 	.db #0xfe	; 254
    00000190 05                     454 	.db #0x05	; 5
    00000191 FE                     455 	.db #0xfe	; 254
    00000192 E5                     456 	.db #0xe5	; 229
    00000193 1E                     457 	.db #0x1e	; 30
    00000194 01                     458 	.db #0x01	; 1
    00000195 DE                     459 	.db #0xde	; 222
    00000196 01                     460 	.db #0x01	; 1
    00000197 0E                     461 	.db #0x0e	; 14
    00000198 FF                     462 	.db #0xff	; 255
    00000199 FF                     463 	.db #0xff	; 255
    0000019A FF                     464 	.db #0xff	; 255
    0000019B FF                     465 	.db #0xff	; 255
    0000019C FF                     466 	.db #0xff	; 255
    0000019D FF                     467 	.db #0xff	; 255
    0000019E FF                     468 	.db #0xff	; 255
    0000019F 3F                     469 	.db #0x3f	; 63
    000001A0 FF                     470 	.db #0xff	; 255
    000001A1 03                     471 	.db #0x03	; 3
    000001A2 FD                     472 	.db #0xfd	; 253
    000001A3 01                     473 	.db #0x01	; 1
    000001A4 F8                     474 	.db #0xf8	; 248
    000001A5 03                     475 	.db #0x03	; 3
    000001A6 50                     476 	.db #0x50	; 80	'P'
    000001A7 00                     477 	.db #0x00	; 0
    000001A8 FF                     478 	.db #0xff	; 255
    000001A9 FF                     479 	.db #0xff	; 255
    000001AA FF                     480 	.db #0xff	; 255
    000001AB FF                     481 	.db #0xff	; 255
    000001AC FF                     482 	.db #0xff	; 255
    000001AD FF                     483 	.db #0xff	; 255
    000001AE FF                     484 	.db #0xff	; 255
    000001AF FF                     485 	.db #0xff	; 255
    000001B0 FF                     486 	.db #0xff	; 255
    000001B1 FF                     487 	.db #0xff	; 255
    000001B2 FF                     488 	.db #0xff	; 255
    000001B3 FF                     489 	.db #0xff	; 255
    000001B4 7F                     490 	.db #0x7f	; 127
    000001B5 FF                     491 	.db #0xff	; 255
    000001B6 3F                     492 	.db #0x3f	; 63
    000001B7 7F                     493 	.db #0x7f	; 127
    000001B8 F8                     494 	.db #0xf8	; 248
    000001B9 FF                     495 	.db #0xff	; 255
    000001BA FA                     496 	.db #0xfa	; 250
    000001BB FD                     497 	.db #0xfd	; 253
    000001BC F4                     498 	.db #0xf4	; 244
    000001BD FB                     499 	.db #0xfb	; 251
    000001BE E8                     500 	.db #0xe8	; 232
    000001BF F7                     501 	.db #0xf7	; 247
    000001C0 E2                     502 	.db #0xe2	; 226
    000001C1 FF                     503 	.db #0xff	; 255
    000001C2 E2                     504 	.db #0xe2	; 226
    000001C3 DD                     505 	.db #0xdd	; 221
    000001C4 C8                     506 	.db #0xc8	; 200
    000001C5 FF                     507 	.db #0xff	; 255
    000001C6 88                     508 	.db #0x88	; 136
    000001C7 F7                     509 	.db #0xf7	; 247
    000001C8 61                     510 	.db #0x61	; 97	'a'
    000001C9 9E                     511 	.db #0x9e	; 158
    000001CA 81                     512 	.db #0x81	; 129
    000001CB 7E                     513 	.db #0x7e	; 126
    000001CC 08                     514 	.db #0x08	; 8
    000001CD FF                     515 	.db #0xff	; 255
    000001CE 11                     516 	.db #0x11	; 17
    000001CF FF                     517 	.db #0xff	; 255
    000001D0 0E                     518 	.db #0x0e	; 14
    000001D1 FF                     519 	.db #0xff	; 255
    000001D2 14                     520 	.db #0x14	; 20
    000001D3 FF                     521 	.db #0xff	; 255
    000001D4 32                     522 	.db #0x32	; 50	'2'
    000001D5 FF                     523 	.db #0xff	; 255
    000001D6 75                     524 	.db #0x75	; 117	'u'
    000001D7 FF                     525 	.db #0xff	; 255
    000001D8 44                     526 	.db #0x44	; 68	'D'
    000001D9 BB                     527 	.db #0xbb	; 187
    000001DA 80                     528 	.db #0x80	; 128
    000001DB 7F                     529 	.db #0x7f	; 127
    000001DC 81                     530 	.db #0x81	; 129
    000001DD FE                     531 	.db #0xfe	; 254
    000001DE 04                     532 	.db #0x04	; 4
    000001DF FF                     533 	.db #0xff	; 255
    000001E0 8E                     534 	.db #0x8e	; 142
    000001E1 FF                     535 	.db #0xff	; 255
    000001E2 04                     536 	.db #0x04	; 4
    000001E3 FF                     537 	.db #0xff	; 255
    000001E4 AA                     538 	.db #0xaa	; 170
    000001E5 FF                     539 	.db #0xff	; 255
    000001E6 1D                     540 	.db #0x1d	; 29
    000001E7 FF                     541 	.db #0xff	; 255
    000001E8 17                     542 	.db #0x17	; 23
    000001E9 E8                     543 	.db #0xe8	; 232
    000001EA 8B                     544 	.db #0x8b	; 139
    000001EB 74                     545 	.db #0x74	; 116	't'
    000001EC 41                     546 	.db #0x41	; 65	'A'
    000001ED BE                     547 	.db #0xbe	; 190
    000001EE A0                     548 	.db #0xa0	; 160
    000001EF 5F                     549 	.db #0x5f	; 95
    000001F0 12                     550 	.db #0x12	; 18
    000001F1 EF                     551 	.db #0xef	; 239
    000001F2 80                     552 	.db #0x80	; 128
    000001F3 7F                     553 	.db #0x7f	; 127
    000001F4 00                     554 	.db #0x00	; 0
    000001F5 FF                     555 	.db #0xff	; 255
    000001F6 00                     556 	.db #0x00	; 0
    000001F7 FF                     557 	.db #0xff	; 255
    000001F8 10                     558 	.db #0x10	; 16
    000001F9 EF                     559 	.db #0xef	; 239
    000001FA 29                     560 	.db #0x29	; 41
    000001FB D7                     561 	.db #0xd7	; 215
    000001FC 14                     562 	.db #0x14	; 20
    000001FD EB                     563 	.db #0xeb	; 235
    000001FE 9A                     564 	.db #0x9a	; 154
    000001FF 65                     565 	.db #0x65	; 101	'e'
    00000200 68                     566 	.db #0x68	; 104	'h'
    00000201 B7                     567 	.db #0xb7	; 183
    00000202 29                     568 	.db #0x29	; 41
    00000203 D6                     569 	.db #0xd6	; 214
    00000204 04                     570 	.db #0x04	; 4
    00000205 FB                     571 	.db #0xfb	; 251
    00000206 22                     572 	.db #0x22	; 34
    00000207 DD                     573 	.db #0xdd	; 221
    00000208 10                     574 	.db #0x10	; 16
    00000209 EC                     575 	.db #0xec	; 236
    0000020A 38                     576 	.db #0x38	; 56	'8'
    0000020B C0                     577 	.db #0xc0	; 192
    0000020C 98                     578 	.db #0x98	; 152
    0000020D E4                     579 	.db #0xe4	; 228
    0000020E B0                     580 	.db #0xb0	; 176
    0000020F 44                     581 	.db #0x44	; 68	'D'
    00000210 1D                     582 	.db #0x1d	; 29
    00000211 E2                     583 	.db #0xe2	; 226
    00000212 BC                     584 	.db #0xbc	; 188
    00000213 40                     585 	.db #0x40	; 64
    00000214 DF                     586 	.db #0xdf	; 223
    00000215 20                     587 	.db #0x20	; 32
    00000216 43                     588 	.db #0x43	; 67	'C'
    00000217 FC                     589 	.db #0xfc	; 252
    00000218 00                     590 	.db #0x00	; 0
    00000219 00                     591 	.db #0x00	; 0
    0000021A 00                     592 	.db #0x00	; 0
    0000021B 00                     593 	.db #0x00	; 0
    0000021C 00                     594 	.db #0x00	; 0
    0000021D 00                     595 	.db #0x00	; 0
    0000021E 00                     596 	.db #0x00	; 0
    0000021F 00                     597 	.db #0x00	; 0
    00000220 C1                     598 	.db #0xc1	; 193
    00000221 00                     599 	.db #0x00	; 0
    00000222 41                     600 	.db #0x41	; 65	'A'
    00000223 02                     601 	.db #0x02	; 2
    00000224 C1                     602 	.db #0xc1	; 193
    00000225 00                     603 	.db #0x00	; 0
    00000226 41                     604 	.db #0x41	; 65	'A'
    00000227 00                     605 	.db #0x00	; 0
    00000228 10                     606 	.db #0x10	; 16
    00000229 08                     607 	.db #0x08	; 8
    0000022A 18                     608 	.db #0x18	; 24
    0000022B 00                     609 	.db #0x00	; 0
    0000022C 10                     610 	.db #0x10	; 16
    0000022D 08                     611 	.db #0x08	; 8
    0000022E 10                     612 	.db #0x10	; 16
    0000022F 28                     613 	.db #0x28	; 40
    00000230 20                     614 	.db #0x20	; 32
    00000231 C8                     615 	.db #0xc8	; 200
    00000232 D8                     616 	.db #0xd8	; 216
    00000233 00                     617 	.db #0x00	; 0
    00000234 A0                     618 	.db #0xa0	; 160
    00000235 08                     619 	.db #0x08	; 8
    00000236 58                     620 	.db #0x58	; 88	'X'
    00000237 00                     621 	.db #0x00	; 0
    00000238 03                     622 	.db #0x03	; 3
    00000239 04                     623 	.db #0x04	; 4
    0000023A 01                     624 	.db #0x01	; 1
    0000023B 02                     625 	.db #0x02	; 2
    0000023C 01                     626 	.db #0x01	; 1
    0000023D 00                     627 	.db #0x00	; 0
    0000023E 00                     628 	.db #0x00	; 0
    0000023F 20                     629 	.db #0x20	; 32
    00000240 20                     630 	.db #0x20	; 32
    00000241 51                     631 	.db #0x51	; 81	'Q'
    00000242 20                     632 	.db #0x20	; 32
    00000243 40                     633 	.db #0x40	; 64
    00000244 00                     634 	.db #0x00	; 0
    00000245 01                     635 	.db #0x01	; 1
    00000246 01                     636 	.db #0x01	; 1
    00000247 00                     637 	.db #0x00	; 0
    00000248 60                     638 	.db #0x60	; 96
    00000249 90                     639 	.db #0x90	; 144
    0000024A C0                     640 	.db #0xc0	; 192
    0000024B 10                     641 	.db #0x10	; 16
    0000024C B0                     642 	.db #0xb0	; 176
    0000024D 00                     643 	.db #0x00	; 0
    0000024E 40                     644 	.db #0x40	; 64
    0000024F 10                     645 	.db #0x10	; 16
    00000250 F0                     646 	.db #0xf0	; 240
    00000251 00                     647 	.db #0x00	; 0
    00000252 50                     648 	.db #0x50	; 80	'P'
    00000253 00                     649 	.db #0x00	; 0
    00000254 B0                     650 	.db #0xb0	; 176
    00000255 00                     651 	.db #0x00	; 0
    00000256 40                     652 	.db #0x40	; 64
    00000257 00                     653 	.db #0x00	; 0
    00000258 74                     654 	.db #0x74	; 116	't'
    00000259 0A                     655 	.db #0x0a	; 10
    0000025A 63                     656 	.db #0x63	; 99	'c'
    0000025B 9C                     657 	.db #0x9c	; 156
    0000025C 7F                     658 	.db #0x7f	; 127
    0000025D 00                     659 	.db #0x00	; 0
    0000025E 54                     660 	.db #0x54	; 84	'T'
    0000025F 81                     661 	.db #0x81	; 129
    00000260 7E                     662 	.db #0x7e	; 126
    00000261 00                     663 	.db #0x00	; 0
    00000262 56                     664 	.db #0x56	; 86	'V'
    00000263 00                     665 	.db #0x00	; 0
    00000264 78                     666 	.db #0x78	; 120	'x'
    00000265 00                     667 	.db #0x00	; 0
    00000266 54                     668 	.db #0x54	; 84	'T'
    00000267 80                     669 	.db #0x80	; 128
    00000268 01                     670 	.db #0x01	; 1
    00000269 82                     671 	.db #0x82	; 130
    0000026A 01                     672 	.db #0x01	; 1
    0000026B 82                     673 	.db #0x82	; 130
    0000026C 01                     674 	.db #0x01	; 1
    0000026D 00                     675 	.db #0x00	; 0
    0000026E 01                     676 	.db #0x01	; 1
    0000026F 00                     677 	.db #0x00	; 0
    00000270 00                     678 	.db #0x00	; 0
    00000271 01                     679 	.db #0x01	; 1
    00000272 00                     680 	.db #0x00	; 0
    00000273 00                     681 	.db #0x00	; 0
    00000274 00                     682 	.db #0x00	; 0
    00000275 00                     683 	.db #0x00	; 0
    00000276 00                     684 	.db #0x00	; 0
    00000277 00                     685 	.db #0x00	; 0
    00000278 04                     686 	.db #0x04	; 4
    00000279 F8                     687 	.db #0xf8	; 248
    0000027A 88                     688 	.db #0x88	; 136
    0000027B 76                     689 	.db #0x76	; 118	'v'
    0000027C DC                     690 	.db #0xdc	; 220
    0000027D 20                     691 	.db #0x20	; 32
    0000027E 54                     692 	.db #0x54	; 84	'T'
    0000027F 02                     693 	.db #0x02	; 2
    00000280 FC                     694 	.db #0xfc	; 252
    00000281 00                     695 	.db #0x00	; 0
    00000282 D4                     696 	.db #0xd4	; 212
    00000283 02                     697 	.db #0x02	; 2
    00000284 38                     698 	.db #0x38	; 56	'8'
    00000285 80                     699 	.db #0x80	; 128
    00000286 54                     700 	.db #0x54	; 84	'T'
    00000287 80                     701 	.db #0x80	; 128
    00000288 0C                     702 	.db #0x0c	; 12
    00000289 12                     703 	.db #0x12	; 18
    0000028A 0E                     704 	.db #0x0e	; 14
    0000028B 00                     705 	.db #0x00	; 0
    0000028C 04                     706 	.db #0x04	; 4
    0000028D 02                     707 	.db #0x02	; 2
    0000028E 00                     708 	.db #0x00	; 0
    0000028F 04                     709 	.db #0x04	; 4
    00000290 00                     710 	.db #0x00	; 0
    00000291 02                     711 	.db #0x02	; 2
    00000292 00                     712 	.db #0x00	; 0
    00000293 00                     713 	.db #0x00	; 0
    00000294 00                     714 	.db #0x00	; 0
    00000295 00                     715 	.db #0x00	; 0
    00000296 00                     716 	.db #0x00	; 0
    00000297 00                     717 	.db #0x00	; 0
    00000298 01                     718 	.db #0x01	; 1
    00000299 0E                     719 	.db #0x0e	; 14
    0000029A 03                     720 	.db #0x03	; 3
    0000029B 0C                     721 	.db #0x0c	; 12
    0000029C 05                     722 	.db #0x05	; 5
    0000029D 0A                     723 	.db #0x0a	; 10
    0000029E 09                     724 	.db #0x09	; 9
    0000029F 00                     725 	.db #0x00	; 0
    000002A0 03                     726 	.db #0x03	; 3
    000002A1 08                     727 	.db #0x08	; 8
    000002A2 09                     728 	.db #0x09	; 9
    000002A3 00                     729 	.db #0x00	; 0
    000002A4 03                     730 	.db #0x03	; 3
    000002A5 08                     731 	.db #0x08	; 8
    000002A6 09                     732 	.db #0x09	; 9
    000002A7 00                     733 	.db #0x00	; 0
    000002A8 E0                     734 	.db #0xe0	; 224
    000002A9 08                     735 	.db #0x08	; 8
    000002AA 40                     736 	.db #0x40	; 64
    000002AB 08                     737 	.db #0x08	; 8
    000002AC B0                     738 	.db #0xb0	; 176
    000002AD 00                     739 	.db #0x00	; 0
    000002AE 00                     740 	.db #0x00	; 0
    000002AF 00                     741 	.db #0x00	; 0
    000002B0 A0                     742 	.db #0xa0	; 160
    000002B1 00                     743 	.db #0x00	; 0
    000002B2 20                     744 	.db #0x20	; 32
    000002B3 00                     745 	.db #0x00	; 0
    000002B4 80                     746 	.db #0x80	; 128
    000002B5 00                     747 	.db #0x00	; 0
    000002B6 40                     748 	.db #0x40	; 64
    000002B7 01                     749 	.db #0x01	; 1
    000002B8 2F                     750 	.db #0x2f	; 47
    000002B9 4F                     751 	.db #0x4f	; 79	'O'
    000002BA 0F                     752 	.db #0x0f	; 15
    000002BB 07                     753 	.db #0x07	; 7
    000002BC 2F                     754 	.db #0x2f	; 47
    000002BD 07                     755 	.db #0x07	; 7
    000002BE 07                     756 	.db #0x07	; 7
    000002BF 27                     757 	.db #0x27	; 39
    000002C0 0F                     758 	.db #0x0f	; 15
    000002C1 07                     759 	.db #0x07	; 7
    000002C2 17                     760 	.db #0x17	; 23
    000002C3 03                     761 	.db #0x03	; 3
    000002C4 0B                     762 	.db #0x0b	; 11
    000002C5 13                     763 	.db #0x13	; 19
    000002C6 01                     764 	.db #0x01	; 1
    000002C7 01                     765 	.db #0x01	; 1
    000002C8 84                     766 	.db #0x84	; 132
    000002C9 FF                     767 	.db #0xff	; 255
    000002CA A1                     768 	.db #0xa1	; 161
    000002CB DF                     769 	.db #0xdf	; 223
    000002CC 8B                     770 	.db #0x8b	; 139
    000002CD FF                     771 	.db #0xff	; 255
    000002CE 81                     772 	.db #0x81	; 129
    000002CF FF                     773 	.db #0xff	; 255
    000002D0 AB                     774 	.db #0xab	; 171
    000002D1 FF                     775 	.db #0xff	; 255
    000002D2 85                     776 	.db #0x85	; 133
    000002D3 FF                     777 	.db #0xff	; 255
    000002D4 2E                     778 	.db #0x2e	; 46
    000002D5 FF                     779 	.db #0xff	; 255
    000002D6 05                     780 	.db #0x05	; 5
    000002D7 FF                     781 	.db #0xff	; 255
    000002D8 EB                     782 	.db #0xeb	; 235
    000002D9 FF                     783 	.db #0xff	; 255
    000002DA DD                     784 	.db #0xdd	; 221
    000002DB FF                     785 	.db #0xff	; 255
    000002DC BB                     786 	.db #0xbb	; 187
    000002DD FF                     787 	.db #0xff	; 255
    000002DE 35                     788 	.db #0x35	; 53	'5'
    000002DF FF                     789 	.db #0xff	; 255
    000002E0 FE                     790 	.db #0xfe	; 254
    000002E1 FF                     791 	.db #0xff	; 255
    000002E2 5D                     792 	.db #0x5d	; 93
    000002E3 FF                     793 	.db #0xff	; 255
    000002E4 FF                     794 	.db #0xff	; 255
    000002E5 FF                     795 	.db #0xff	; 255
    000002E6 F7                     796 	.db #0xf7	; 247
    000002E7 FF                     797 	.db #0xff	; 255
    000002E8 AA                     798 	.db #0xaa	; 170
    000002E9 FF                     799 	.db #0xff	; 255
    000002EA 0D                     800 	.db #0x0d	; 13
    000002EB FF                     801 	.db #0xff	; 255
    000002EC 2B                     802 	.db #0x2b	; 43
    000002ED FF                     803 	.db #0xff	; 255
    000002EE 57                     804 	.db #0x57	; 87	'W'
    000002EF FF                     805 	.db #0xff	; 255
    000002F0 AF                     806 	.db #0xaf	; 175
    000002F1 FF                     807 	.db #0xff	; 255
    000002F2 45                     808 	.db #0x45	; 69	'E'
    000002F3 FF                     809 	.db #0xff	; 255
    000002F4 CF                     810 	.db #0xcf	; 207
    000002F5 FF                     811 	.db #0xff	; 255
    000002F6 15                     812 	.db #0x15	; 21
    000002F7 FF                     813 	.db #0xff	; 255
    000002F8 88                     814 	.db #0x88	; 136
    000002F9 FF                     815 	.db #0xff	; 255
    000002FA 50                     816 	.db #0x50	; 80	'P'
    000002FB FF                     817 	.db #0xff	; 255
    000002FC A8                     818 	.db #0xa8	; 168
    000002FD FF                     819 	.db #0xff	; 255
    000002FE 44                     820 	.db #0x44	; 68	'D'
    000002FF FF                     821 	.db #0xff	; 255
    00000300 EE                     822 	.db #0xee	; 238
    00000301 FF                     823 	.db #0xff	; 255
    00000302 E7                     824 	.db #0xe7	; 231
    00000303 FF                     825 	.db #0xff	; 255
    00000304 FF                     826 	.db #0xff	; 255
    00000305 FF                     827 	.db #0xff	; 255
    00000306 D7                     828 	.db #0xd7	; 215
    00000307 FF                     829 	.db #0xff	; 255
    00000308 10                     830 	.db #0x10	; 16
    00000309 EF                     831 	.db #0xef	; 239
    0000030A 14                     832 	.db #0x14	; 20
    0000030B EF                     833 	.db #0xef	; 239
    0000030C 22                     834 	.db #0x22	; 34
    0000030D FF                     835 	.db #0xff	; 255
    0000030E 08                     836 	.db #0x08	; 8
    0000030F F7                     837 	.db #0xf7	; 247
    00000310 80                     838 	.db #0x80	; 128
    00000311 FF                     839 	.db #0xff	; 255
    00000312 40                     840 	.db #0x40	; 64
    00000313 FF                     841 	.db #0xff	; 255
    00000314 E8                     842 	.db #0xe8	; 232
    00000315 FF                     843 	.db #0xff	; 255
    00000316 D1                     844 	.db #0xd1	; 209
    00000317 FF                     845 	.db #0xff	; 255
    00000318 BE                     846 	.db #0xbe	; 190
    00000319 FF                     847 	.db #0xff	; 255
    0000031A 34                     848 	.db #0x34	; 52	'4'
    0000031B DF                     849 	.db #0xdf	; 223
    0000031C 35                     850 	.db #0x35	; 53	'5'
    0000031D CA                     851 	.db #0xca	; 202
    0000031E 3B                     852 	.db #0x3b	; 59
    0000031F C4                     853 	.db #0xc4	; 196
    00000320 15                     854 	.db #0x15	; 21
    00000321 EA                     855 	.db #0xea	; 234
    00000322 2B                     856 	.db #0x2b	; 43
    00000323 D4                     857 	.db #0xd4	; 212
    00000324 80                     858 	.db #0x80	; 128
    00000325 FF                     859 	.db #0xff	; 255
    00000326 40                     860 	.db #0x40	; 64
    00000327 FF                     861 	.db #0xff	; 255
    00000328 41                     862 	.db #0x41	; 65	'A'
    00000329 80                     863 	.db #0x80	; 128
    0000032A C1                     864 	.db #0xc1	; 193
    0000032B 00                     865 	.db #0x00	; 0
    0000032C C1                     866 	.db #0xc1	; 193
    0000032D 00                     867 	.db #0x00	; 0
    0000032E 41                     868 	.db #0x41	; 65	'A'
    0000032F 00                     869 	.db #0x00	; 0
    00000330 C1                     870 	.db #0xc1	; 193
    00000331 00                     871 	.db #0x00	; 0
    00000332 C1                     872 	.db #0xc1	; 193
    00000333 00                     873 	.db #0x00	; 0
    00000334 41                     874 	.db #0x41	; 65	'A'
    00000335 80                     875 	.db #0x80	; 128
    00000336 C1                     876 	.db #0xc1	; 193
    00000337 00                     877 	.db #0x00	; 0
    00000338 F0                     878 	.db #0xf0	; 240
    00000339 00                     879 	.db #0x00	; 0
    0000033A F0                     880 	.db #0xf0	; 240
    0000033B 08                     881 	.db #0x08	; 8
    0000033C E0                     882 	.db #0xe0	; 224
    0000033D 08                     883 	.db #0x08	; 8
    0000033E 58                     884 	.db #0x58	; 88	'X'
    0000033F 00                     885 	.db #0x00	; 0
    00000340 E0                     886 	.db #0xe0	; 224
    00000341 00                     887 	.db #0x00	; 0
    00000342 50                     888 	.db #0x50	; 80	'P'
    00000343 08                     889 	.db #0x08	; 8
    00000344 E0                     890 	.db #0xe0	; 224
    00000345 08                     891 	.db #0x08	; 8
    00000346 50                     892 	.db #0x50	; 80	'P'
    00000347 08                     893 	.db #0x08	; 8
    00000348 00                     894 	.db #0x00	; 0
    00000349 02                     895 	.db #0x02	; 2
    0000034A 01                     896 	.db #0x01	; 1
    0000034B 00                     897 	.db #0x00	; 0
    0000034C 01                     898 	.db #0x01	; 1
    0000034D 02                     899 	.db #0x02	; 2
    0000034E 01                     900 	.db #0x01	; 1
    0000034F 02                     901 	.db #0x02	; 2
    00000350 01                     902 	.db #0x01	; 1
    00000351 00                     903 	.db #0x00	; 0
    00000352 00                     904 	.db #0x00	; 0
    00000353 00                     905 	.db #0x00	; 0
    00000354 00                     906 	.db #0x00	; 0
    00000355 60                     907 	.db #0x60	; 96
    00000356 00                     908 	.db #0x00	; 0
    00000357 10                     909 	.db #0x10	; 16
    00000358 E0                     910 	.db #0xe0	; 224
    00000359 10                     911 	.db #0x10	; 16
    0000035A E0                     912 	.db #0xe0	; 224
    0000035B 10                     913 	.db #0x10	; 16
    0000035C E0                     914 	.db #0xe0	; 224
    0000035D 10                     915 	.db #0x10	; 16
    0000035E 40                     916 	.db #0x40	; 64
    0000035F 10                     917 	.db #0x10	; 16
    00000360 F0                     918 	.db #0xf0	; 240
    00000361 00                     919 	.db #0x00	; 0
    00000362 40                     920 	.db #0x40	; 64
    00000363 10                     921 	.db #0x10	; 16
    00000364 20                     922 	.db #0x20	; 32
    00000365 90                     923 	.db #0x90	; 144
    00000366 40                     924 	.db #0x40	; 64
    00000367 00                     925 	.db #0x00	; 0
    00000368 78                     926 	.db #0x78	; 120	'x'
    00000369 04                     927 	.db #0x04	; 4
    0000036A 78                     928 	.db #0x78	; 120	'x'
    0000036B 80                     929 	.db #0x80	; 128
    0000036C 78                     930 	.db #0x78	; 120	'x'
    0000036D 00                     931 	.db #0x00	; 0
    0000036E 58                     932 	.db #0x58	; 88	'X'
    0000036F 80                     933 	.db #0x80	; 128
    00000370 60                     934 	.db #0x60	; 96
    00000371 00                     935 	.db #0x00	; 0
    00000372 50                     936 	.db #0x50	; 80	'P'
    00000373 80                     937 	.db #0x80	; 128
    00000374 60                     938 	.db #0x60	; 96
    00000375 10                     939 	.db #0x10	; 16
    00000376 20                     940 	.db #0x20	; 32
    00000377 10                     941 	.db #0x10	; 16
    00000378 10                     942 	.db #0x10	; 16
    00000379 00                     943 	.db #0x00	; 0
    0000037A 00                     944 	.db #0x00	; 0
    0000037B 38                     945 	.db #0x38	; 56	'8'
    0000037C 00                     946 	.db #0x00	; 0
    0000037D 00                     947 	.db #0x00	; 0
    0000037E 00                     948 	.db #0x00	; 0
    0000037F 00                     949 	.db #0x00	; 0
    00000380 00                     950 	.db #0x00	; 0
    00000381 00                     951 	.db #0x00	; 0
    00000382 00                     952 	.db #0x00	; 0
    00000383 00                     953 	.db #0x00	; 0
    00000384 58                     954 	.db #0x58	; 88	'X'
    00000385 24                     955 	.db #0x24	; 36
    00000386 90                     956 	.db #0x90	; 144
    00000387 02                     957 	.db #0x02	; 2
    00000388 7C                     958 	.db #0x7c	; 124
    00000389 00                     959 	.db #0x00	; 0
    0000038A 18                     960 	.db #0x18	; 24
    0000038B 44                     961 	.db #0x44	; 68	'D'
    0000038C 3C                     962 	.db #0x3c	; 60
    0000038D 00                     963 	.db #0x00	; 0
    0000038E 30                     964 	.db #0x30	; 48	'0'
    0000038F 04                     965 	.db #0x04	; 4
    00000390 0C                     966 	.db #0x0c	; 12
    00000391 20                     967 	.db #0x20	; 32
    00000392 14                     968 	.db #0x14	; 20
    00000393 00                     969 	.db #0x00	; 0
    00000394 1C                     970 	.db #0x1c	; 28
    00000395 00                     971 	.db #0x00	; 0
    00000396 04                     972 	.db #0x04	; 4
    00000397 00                     973 	.db #0x00	; 0
    00000398 00                     974 	.db #0x00	; 0
    00000399 00                     975 	.db #0x00	; 0
    0000039A 00                     976 	.db #0x00	; 0
    0000039B 00                     977 	.db #0x00	; 0
    0000039C 00                     978 	.db #0x00	; 0
    0000039D 10                     979 	.db #0x10	; 16
    0000039E 18                     980 	.db #0x18	; 24
    0000039F 00                     981 	.db #0x00	; 0
    000003A0 18                     982 	.db #0x18	; 24
    000003A1 04                     983 	.db #0x04	; 4
    000003A2 14                     984 	.db #0x14	; 20
    000003A3 02                     985 	.db #0x02	; 2
    000003A4 1A                     986 	.db #0x1a	; 26
    000003A5 00                     987 	.db #0x00	; 0
    000003A6 14                     988 	.db #0x14	; 20
    000003A7 01                     989 	.db #0x01	; 1
    000003A8 02                     990 	.db #0x02	; 2
    000003A9 08                     991 	.db #0x08	; 8
    000003AA 0D                     992 	.db #0x0d	; 13
    000003AB 00                     993 	.db #0x00	; 0
    000003AC 07                     994 	.db #0x07	; 7
    000003AD 08                     995 	.db #0x08	; 8
    000003AE 09                     996 	.db #0x09	; 9
    000003AF 00                     997 	.db #0x00	; 0
    000003B0 02                     998 	.db #0x02	; 2
    000003B1 09                     999 	.db #0x09	; 9
    000003B2 08                    1000 	.db #0x08	; 8
    000003B3 00                    1001 	.db #0x00	; 0
    000003B4 08                    1002 	.db #0x08	; 8
    000003B5 02                    1003 	.db #0x02	; 2
    000003B6 08                    1004 	.db #0x08	; 8
    000003B7 02                    1005 	.db #0x02	; 2
    000003B8 80                    1006 	.db #0x80	; 128
    000003B9 42                    1007 	.db #0x42	; 66	'B'
    000003BA 82                    1008 	.db #0x82	; 130
    000003BB 00                    1009 	.db #0x00	; 0
    000003BC 00                    1010 	.db #0x00	; 0
    000003BD 80                    1011 	.db #0x80	; 128
    000003BE 00                    1012 	.db #0x00	; 0
    000003BF 00                    1013 	.db #0x00	; 0
    000003C0 00                    1014 	.db #0x00	; 0
    000003C1 00                    1015 	.db #0x00	; 0
    000003C2 00                    1016 	.db #0x00	; 0
    000003C3 00                    1017 	.db #0x00	; 0
    000003C4 00                    1018 	.db #0x00	; 0
    000003C5 07                    1019 	.db #0x07	; 7
    000003C6 01                    1020 	.db #0x01	; 1
    000003C7 00                    1021 	.db #0x00	; 0
    000003C8 0A                    1022 	.db #0x0a	; 10
    000003C9 00                    1023 	.db #0x00	; 0
    000003CA 81                    1024 	.db #0x81	; 129
    000003CB 08                    1025 	.db #0x08	; 8
    000003CC 02                    1026 	.db #0x02	; 2
    000003CD 00                    1027 	.db #0x00	; 0
    000003CE 05                    1028 	.db #0x05	; 5
    000003CF 00                    1029 	.db #0x00	; 0
    000003D0 00                    1030 	.db #0x00	; 0
    000003D1 04                    1031 	.db #0x04	; 4
    000003D2 00                    1032 	.db #0x00	; 0
    000003D3 00                    1033 	.db #0x00	; 0
    000003D4 00                    1034 	.db #0x00	; 0
    000003D5 C2                    1035 	.db #0xc2	; 194
    000003D6 00                    1036 	.db #0x00	; 0
    000003D7 42                    1037 	.db #0x42	; 66	'B'
    000003D8 FF                    1038 	.db #0xff	; 255
    000003D9 FF                    1039 	.db #0xff	; 255
    000003DA FF                    1040 	.db #0xff	; 255
    000003DB FF                    1041 	.db #0xff	; 255
    000003DC FF                    1042 	.db #0xff	; 255
    000003DD 7F                    1043 	.db #0x7f	; 127
    000003DE 7F                    1044 	.db #0x7f	; 127
    000003DF 7F                    1045 	.db #0x7f	; 127
    000003E0 BF                    1046 	.db #0xbf	; 191
    000003E1 3F                    1047 	.db #0x3f	; 63
    000003E2 7F                    1048 	.db #0x7f	; 127
    000003E3 3F                    1049 	.db #0x3f	; 63
    000003E4 BF                    1050 	.db #0xbf	; 191
    000003E5 1F                    1051 	.db #0x1f	; 31
    000003E6 5F                    1052 	.db #0x5f	; 95
    000003E7 1F                    1053 	.db #0x1f	; 31
    000003E8 FF                    1054 	.db #0xff	; 255
    000003E9 FF                    1055 	.db #0xff	; 255
    000003EA FF                    1056 	.db #0xff	; 255
    000003EB FF                    1057 	.db #0xff	; 255
    000003EC FF                    1058 	.db #0xff	; 255
    000003ED FF                    1059 	.db #0xff	; 255
    000003EE FF                    1060 	.db #0xff	; 255
    000003EF FF                    1061 	.db #0xff	; 255
    000003F0 FF                    1062 	.db #0xff	; 255
    000003F1 FF                    1063 	.db #0xff	; 255
    000003F2 FE                    1064 	.db #0xfe	; 254
    000003F3 FF                    1065 	.db #0xff	; 255
    000003F4 FE                    1066 	.db #0xfe	; 254
    000003F5 FF                    1067 	.db #0xff	; 255
    000003F6 FE                    1068 	.db #0xfe	; 254
    000003F7 FF                    1069 	.db #0xff	; 255
    000003F8 3F                    1070 	.db #0x3f	; 63
    000003F9 FF                    1071 	.db #0xff	; 255
    000003FA 17                    1072 	.db #0x17	; 23
    000003FB FF                    1073 	.db #0xff	; 255
    000003FC 2F                    1074 	.db #0x2f	; 47
    000003FD FF                    1075 	.db #0xff	; 255
    000003FE 97                    1076 	.db #0x97	; 151
    000003FF 7F                    1077 	.db #0x7f	; 127
    00000400 2F                    1078 	.db #0x2f	; 47
    00000401 FF                    1079 	.db #0xff	; 255
    00000402 57                    1080 	.db #0x57	; 87	'W'
    00000403 FF                    1081 	.db #0xff	; 255
    00000404 AF                    1082 	.db #0xaf	; 175
    00000405 FF                    1083 	.db #0xff	; 255
    00000406 57                    1084 	.db #0x57	; 87	'W'
    00000407 FF                    1085 	.db #0xff	; 255
    00000408 FF                    1086 	.db #0xff	; 255
    00000409 FF                    1087 	.db #0xff	; 255
    0000040A DC                    1088 	.db #0xdc	; 220
    0000040B FF                    1089 	.db #0xff	; 255
    0000040C F8                    1090 	.db #0xf8	; 248
    0000040D FF                    1091 	.db #0xff	; 255
    0000040E F3                    1092 	.db #0xf3	; 243
    0000040F FC                    1093 	.db #0xfc	; 252
    00000410 E1                    1094 	.db #0xe1	; 225
    00000411 FE                    1095 	.db #0xfe	; 254
    00000412 C0                    1096 	.db #0xc0	; 192
    00000413 FF                    1097 	.db #0xff	; 255
    00000414 EB                    1098 	.db #0xeb	; 235
    00000415 FF                    1099 	.db #0xff	; 255
    00000416 51                    1100 	.db #0x51	; 81	'Q'
    00000417 FF                    1101 	.db #0xff	; 255
    00000418 A6                    1102 	.db #0xa6	; 166
    00000419 FF                    1103 	.db #0xff	; 255
    0000041A 0E                    1104 	.db #0x0e	; 14
    0000041B F7                    1105 	.db #0xf7	; 247
    0000041C 5A                    1106 	.db #0x5a	; 90	'Z'
    0000041D A7                    1107 	.db #0xa7	; 167
    0000041E FD                    1108 	.db #0xfd	; 253
    0000041F 03                    1109 	.db #0x03	; 3
    00000420 76                    1110 	.db #0x76	; 118	'v'
    00000421 89                    1111 	.db #0x89	; 137
    00000422 BA                    1112 	.db #0xba	; 186
    00000423 45                    1113 	.db #0x45	; 69	'E'
    00000424 84                    1114 	.db #0x84	; 132
    00000425 FB                    1115 	.db #0xfb	; 251
    00000426 F0                    1116 	.db #0xf0	; 240
    00000427 FF                    1117 	.db #0xff	; 255
    00000428 DB                    1118 	.db #0xdb	; 219
    00000429 FF                    1119 	.db #0xff	; 255
    0000042A 4D                    1120 	.db #0x4d	; 77	'M'
    0000042B FF                    1121 	.db #0xff	; 255
    0000042C 27                    1122 	.db #0x27	; 39
    0000042D FF                    1123 	.db #0xff	; 255
    0000042E 11                    1124 	.db #0x11	; 17
    0000042F FF                    1125 	.db #0xff	; 255
    00000430 CE                    1126 	.db #0xce	; 206
    00000431 FF                    1127 	.db #0xff	; 255
    00000432 85                    1128 	.db #0x85	; 133
    00000433 7F                    1129 	.db #0x7f	; 127
    00000434 00                    1130 	.db #0x00	; 0
    00000435 FF                    1131 	.db #0xff	; 255
    00000436 85                    1132 	.db #0x85	; 133
    00000437 7F                    1133 	.db #0x7f	; 127
    00000438 E8                    1134 	.db #0xe8	; 232
    00000439 FF                    1135 	.db #0xff	; 255
    0000043A 44                    1136 	.db #0x44	; 68	'D'
    0000043B FF                    1137 	.db #0xff	; 255
    0000043C BE                    1138 	.db #0xbe	; 190
    0000043D FF                    1139 	.db #0xff	; 255
    0000043E F2                    1140 	.db #0xf2	; 242
    0000043F FF                    1141 	.db #0xff	; 255
    00000440 FA                    1142 	.db #0xfa	; 250
    00000441 FF                    1143 	.db #0xff	; 255
    00000442 7C                    1144 	.db #0x7c	; 124
    00000443 FF                    1145 	.db #0xff	; 255
    00000444 0F                    1146 	.db #0x0f	; 15
    00000445 FF                    1147 	.db #0xff	; 255
    00000446 07                    1148 	.db #0x07	; 7
    00000447 FF                    1149 	.db #0xff	; 255
    00000448 91                    1150 	.db #0x91	; 145
    00000449 EE                    1151 	.db #0xee	; 238
    0000044A 0B                    1152 	.db #0x0b	; 11
    0000044B F4                    1153 	.db #0xf4	; 244
    0000044C 05                    1154 	.db #0x05	; 5
    0000044D FA                    1155 	.db #0xfa	; 250
    0000044E 0B                    1156 	.db #0x0b	; 11
    0000044F F4                    1157 	.db #0xf4	; 244
    00000450 2A                    1158 	.db #0x2a	; 42
    00000451 FF                    1159 	.db #0xff	; 255
    00000452 05                    1160 	.db #0x05	; 5
    00000453 FF                    1161 	.db #0xff	; 255
    00000454 80                    1162 	.db #0x80	; 128
    00000455 FF                    1163 	.db #0xff	; 255
    00000456 40                    1164 	.db #0x40	; 64
    00000457 FF                    1165 	.db #0xff	; 255
    00000458 40                    1166 	.db #0x40	; 64
    00000459 A1                    1167 	.db #0xa1	; 161
    0000045A D1                    1168 	.db #0xd1	; 209
    0000045B 0D                    1169 	.db #0x0d	; 13
    0000045C F3                    1170 	.db #0xf3	; 243
    0000045D 0C                    1171 	.db #0x0c	; 12
    0000045E F7                    1172 	.db #0xf7	; 247
    0000045F 00                    1173 	.db #0x00	; 0
    00000460 80                    1174 	.db #0x80	; 128
    00000461 FF                    1175 	.db #0xff	; 255
    00000462 D5                    1176 	.db #0xd5	; 213
    00000463 FF                    1177 	.db #0xff	; 255
    00000464 00                    1178 	.db #0x00	; 0
    00000465 FF                    1179 	.db #0xff	; 255
    00000466 FF                    1180 	.db #0xff	; 255
    00000467 00                    1181 	.db #0x00	; 0
    00000468 F0                    1182 	.db #0xf0	; 240
    00000469 08                    1183 	.db #0x08	; 8
    0000046A E4                    1184 	.db #0xe4	; 228
    0000046B 11                    1185 	.db #0x11	; 17
    0000046C FF                    1186 	.db #0xff	; 255
    0000046D 00                    1187 	.db #0x00	; 0
    0000046E 77                    1188 	.db #0x77	; 119	'w'
    0000046F 00                    1189 	.db #0x00	; 0
    00000470 00                    1190 	.db #0x00	; 0
    00000471 FF                    1191 	.db #0xff	; 255
    00000472 DD                    1192 	.db #0xdd	; 221
    00000473 FF                    1193 	.db #0xff	; 255
    00000474 2A                    1194 	.db #0x2a	; 42
    00000475 FF                    1195 	.db #0xff	; 255
    00000476 84                    1196 	.db #0x84	; 132
    00000477 7F                    1197 	.db #0x7f	; 127
    00000478 70                    1198 	.db #0x70	; 112	'p'
    00000479 01                    1199 	.db #0x01	; 1
    0000047A 5F                    1200 	.db #0x5f	; 95
    0000047B 80                    1201 	.db #0x80	; 128
    0000047C 7D                    1202 	.db #0x7d	; 125
    0000047D 82                    1203 	.db #0x82	; 130
    0000047E AF                    1204 	.db #0xaf	; 175
    0000047F 50                    1205 	.db #0x50	; 80	'P'
    00000480 00                    1206 	.db #0x00	; 0
    00000481 FF                    1207 	.db #0xff	; 255
    00000482 41                    1208 	.db #0x41	; 65	'A'
    00000483 FF                    1209 	.db #0xff	; 255
    00000484 83                    1210 	.db #0x83	; 131
    00000485 FF                    1211 	.db #0xff	; 255
    00000486 87                    1212 	.db #0x87	; 135
    00000487 7F                    1213 	.db #0x7f	; 127
    00000488 40                    1214 	.db #0x40	; 64
    00000489 A1                    1215 	.db #0xa1	; 161
    0000048A F3                    1216 	.db #0xf3	; 243
    0000048B 08                    1217 	.db #0x08	; 8
    0000048C 9F                    1218 	.db #0x9f	; 159
    0000048D 60                    1219 	.db #0x60	; 96
    0000048E CE                    1220 	.db #0xce	; 206
    0000048F 71                    1221 	.db #0x71	; 113	'q'
    00000490 00                    1222 	.db #0x00	; 0
    00000491 FF                    1223 	.db #0xff	; 255
    00000492 54                    1224 	.db #0x54	; 84	'T'
    00000493 FF                    1225 	.db #0xff	; 255
    00000494 FF                    1226 	.db #0xff	; 255
    00000495 FF                    1227 	.db #0xff	; 255
    00000496 57                    1228 	.db #0x57	; 87	'W'
    00000497 FF                    1229 	.db #0xff	; 255
    00000498 10                    1230 	.db #0x10	; 16
    00000499 21                    1231 	.db #0x21	; 33
    0000049A B1                    1232 	.db #0xb1	; 177
    0000049B 4A                    1233 	.db #0x4a	; 74	'J'
    0000049C F1                    1234 	.db #0xf1	; 241
    0000049D 0E                    1235 	.db #0x0e	; 14
    0000049E AE                    1236 	.db #0xae	; 174
    0000049F 51                    1237 	.db #0x51	; 81	'Q'
    000004A0 2A                    1238 	.db #0x2a	; 42
    000004A1 FF                    1239 	.db #0xff	; 255
    000004A2 55                    1240 	.db #0x55	; 85	'U'
    000004A3 FF                    1241 	.db #0xff	; 255
    000004A4 BE                    1242 	.db #0xbe	; 190
    000004A5 FF                    1243 	.db #0xff	; 255
    000004A6 15                    1244 	.db #0x15	; 21
    000004A7 FF                    1245 	.db #0xff	; 255
    000004A8 FE                    1246 	.db #0xfe	; 254
    000004A9 01                    1247 	.db #0x01	; 1
    000004AA FD                    1248 	.db #0xfd	; 253
    000004AB 00                    1249 	.db #0x00	; 0
    000004AC 1F                    1250 	.db #0x1f	; 31
    000004AD E0                    1251 	.db #0xe0	; 224
    000004AE 0F                    1252 	.db #0x0f	; 15
    000004AF F0                    1253 	.db #0xf0	; 240
    000004B0 A1                    1254 	.db #0xa1	; 161
    000004B1 FE                    1255 	.db #0xfe	; 254
    000004B2 43                    1256 	.db #0x43	; 67	'C'
    000004B3 FC                    1257 	.db #0xfc	; 252
    000004B4 BA                    1258 	.db #0xba	; 186
    000004B5 FF                    1259 	.db #0xff	; 255
    000004B6 55                    1260 	.db #0x55	; 85	'U'
    000004B7 FF                    1261 	.db #0xff	; 255
    000004B8 0C                    1262 	.db #0x0c	; 12
    000004B9 10                    1263 	.db #0x10	; 16
    000004BA D5                    1264 	.db #0xd5	; 213
    000004BB 00                    1265 	.db #0x00	; 0
    000004BC B9                    1266 	.db #0xb9	; 185
    000004BD 02                    1267 	.db #0x02	; 2
    000004BE 57                    1268 	.db #0x57	; 87	'W'
    000004BF 07                    1269 	.db #0x07	; 7
    000004C0 FF                    1270 	.db #0xff	; 255
    000004C1 1F                    1271 	.db #0x1f	; 31
    000004C2 FF                    1272 	.db #0xff	; 255
    000004C3 3F                    1273 	.db #0x3f	; 63
    000004C4 7F                    1274 	.db #0x7f	; 127
    000004C5 FF                    1275 	.db #0xff	; 255
    000004C6 7F                    1276 	.db #0x7f	; 127
    000004C7 FF                    1277 	.db #0xff	; 255
    000004C8 0E                    1278 	.db #0x0e	; 14
    000004C9 00                    1279 	.db #0x00	; 0
    000004CA 95                    1280 	.db #0x95	; 149
    000004CB 40                    1281 	.db #0x40	; 64
    000004CC 1B                    1282 	.db #0x1b	; 27
    000004CD 00                    1283 	.db #0x00	; 0
    000004CE FE                    1284 	.db #0xfe	; 254
    000004CF FE                    1285 	.db #0xfe	; 254
    000004D0 FF                    1286 	.db #0xff	; 255
    000004D1 FF                    1287 	.db #0xff	; 255
    000004D2 FF                    1288 	.db #0xff	; 255
    000004D3 FF                    1289 	.db #0xff	; 255
    000004D4 FF                    1290 	.db #0xff	; 255
    000004D5 FF                    1291 	.db #0xff	; 255
    000004D6 FF                    1292 	.db #0xff	; 255
    000004D7 FF                    1293 	.db #0xff	; 255
    000004D8 00                    1294 	.db #0x00	; 0
    000004D9 8A                    1295 	.db #0x8a	; 138
    000004DA 74                    1296 	.db #0x74	; 116	't'
    000004DB 01                    1297 	.db #0x01	; 1
    000004DC AA                    1298 	.db #0xaa	; 170
    000004DD 01                    1299 	.db #0x01	; 1
    000004DE 1F                    1300 	.db #0x1f	; 31
    000004DF 1F                    1301 	.db #0x1f	; 31
    000004E0 FF                    1302 	.db #0xff	; 255
    000004E1 FF                    1303 	.db #0xff	; 255
    000004E2 FF                    1304 	.db #0xff	; 255
    000004E3 FF                    1305 	.db #0xff	; 255
    000004E4 FF                    1306 	.db #0xff	; 255
    000004E5 FF                    1307 	.db #0xff	; 255
    000004E6 FF                    1308 	.db #0xff	; 255
    000004E7 FF                    1309 	.db #0xff	; 255
    000004E8 0E                    1310 	.db #0x0e	; 14
    000004E9 10                    1311 	.db #0x10	; 16
    000004EA 15                    1312 	.db #0x15	; 21
    000004EB 40                    1313 	.db #0x40	; 64
    000004EC 47                    1314 	.db #0x47	; 71	'G'
    000004ED 08                    1315 	.db #0x08	; 8
    000004EE FF                    1316 	.db #0xff	; 255
    000004EF FF                    1317 	.db #0xff	; 255
    000004F0 FF                    1318 	.db #0xff	; 255
    000004F1 FF                    1319 	.db #0xff	; 255
    000004F2 FF                    1320 	.db #0xff	; 255
    000004F3 FF                    1321 	.db #0xff	; 255
    000004F4 FF                    1322 	.db #0xff	; 255
    000004F5 FF                    1323 	.db #0xff	; 255
    000004F6 FF                    1324 	.db #0xff	; 255
    000004F7 FF                    1325 	.db #0xff	; 255
    000004F8 80                    1326 	.db #0x80	; 128
    000004F9 02                    1327 	.db #0x02	; 2
    000004FA D4                    1328 	.db #0xd4	; 212
    000004FB 00                    1329 	.db #0x00	; 0
    000004FC A2                    1330 	.db #0xa2	; 162
    000004FD 00                    1331 	.db #0x00	; 0
    000004FE FF                    1332 	.db #0xff	; 255
    000004FF FF                    1333 	.db #0xff	; 255
    00000500 FF                    1334 	.db #0xff	; 255
    00000501 FF                    1335 	.db #0xff	; 255
    00000502 FF                    1336 	.db #0xff	; 255
    00000503 FF                    1337 	.db #0xff	; 255
    00000504 FF                    1338 	.db #0xff	; 255
    00000505 FF                    1339 	.db #0xff	; 255
    00000506 FF                    1340 	.db #0xff	; 255
    00000507 FF                    1341 	.db #0xff	; 255
    00000508 BF                    1342 	.db #0xbf	; 191
    00000509 3F                    1343 	.db #0x3f	; 63
    0000050A 7F                    1344 	.db #0x7f	; 127
    0000050B 3F                    1345 	.db #0x3f	; 63
    0000050C FF                    1346 	.db #0xff	; 255
    0000050D 7F                    1347 	.db #0x7f	; 127
    0000050E FF                    1348 	.db #0xff	; 255
    0000050F FF                    1349 	.db #0xff	; 255
    00000510 FF                    1350 	.db #0xff	; 255
    00000511 FF                    1351 	.db #0xff	; 255
    00000512 FF                    1352 	.db #0xff	; 255
    00000513 FF                    1353 	.db #0xff	; 255
    00000514 FF                    1354 	.db #0xff	; 255
    00000515 FF                    1355 	.db #0xff	; 255
    00000516 FF                    1356 	.db #0xff	; 255
    00000517 FF                    1357 	.db #0xff	; 255
    00000518 FE                    1358 	.db #0xfe	; 254
    00000519 FF                    1359 	.db #0xff	; 255
    0000051A FE                    1360 	.db #0xfe	; 254
    0000051B FF                    1361 	.db #0xff	; 255
    0000051C FE                    1362 	.db #0xfe	; 254
    0000051D FF                    1363 	.db #0xff	; 255
    0000051E FE                    1364 	.db #0xfe	; 254
    0000051F FF                    1365 	.db #0xff	; 255
    00000520 FC                    1366 	.db #0xfc	; 252
    00000521 FF                    1367 	.db #0xff	; 255
    00000522 FC                    1368 	.db #0xfc	; 252
    00000523 FF                    1369 	.db #0xff	; 255
    00000524 F8                    1370 	.db #0xf8	; 248
    00000525 FF                    1371 	.db #0xff	; 255
    00000526 F8                    1372 	.db #0xf8	; 248
    00000527 F7                    1373 	.db #0xf7	; 247
    00000528 BF                    1374 	.db #0xbf	; 191
    00000529 FF                    1375 	.db #0xff	; 255
    0000052A 57                    1376 	.db #0x57	; 87	'W'
    0000052B FF                    1377 	.db #0xff	; 255
    0000052C BF                    1378 	.db #0xbf	; 191
    0000052D FF                    1379 	.db #0xff	; 255
    0000052E 5F                    1380 	.db #0x5f	; 95
    0000052F FF                    1381 	.db #0xff	; 255
    00000530 FF                    1382 	.db #0xff	; 255
    00000531 FF                    1383 	.db #0xff	; 255
    00000532 5F                    1384 	.db #0x5f	; 95
    00000533 FF                    1385 	.db #0xff	; 255
    00000534 8F                    1386 	.db #0x8f	; 143
    00000535 FF                    1387 	.db #0xff	; 255
    00000536 1F                    1388 	.db #0x1f	; 31
    00000537 FF                    1389 	.db #0xff	; 255
    00000538 E2                    1390 	.db #0xe2	; 226
    00000539 FF                    1391 	.db #0xff	; 255
    0000053A C5                    1392 	.db #0xc5	; 197
    0000053B FF                    1393 	.db #0xff	; 255
    0000053C BB                    1394 	.db #0xbb	; 187
    0000053D FF                    1395 	.db #0xff	; 255
    0000053E 12                    1396 	.db #0x12	; 18
    0000053F FD                    1397 	.db #0xfd	; 253
    00000540 80                    1398 	.db #0x80	; 128
    00000541 FF                    1399 	.db #0xff	; 255
    00000542 38                    1400 	.db #0x38	; 56	'8'
    00000543 C7                    1401 	.db #0xc7	; 199
    00000544 15                    1402 	.db #0x15	; 21
    00000545 EA                    1403 	.db #0xea	; 234
    00000546 2A                    1404 	.db #0x2a	; 42
    00000547 D5                    1405 	.db #0xd5	; 213
    00000548 F8                    1406 	.db #0xf8	; 248
    00000549 FF                    1407 	.db #0xff	; 255
    0000054A 70                    1408 	.db #0x70	; 112	'p'
    0000054B FF                    1409 	.db #0xff	; 255
    0000054C B8                    1410 	.db #0xb8	; 184
    0000054D FF                    1411 	.db #0xff	; 255
    0000054E 73                    1412 	.db #0x73	; 115	's'
    0000054F 9C                    1413 	.db #0x9c	; 156
    00000550 01                    1414 	.db #0x01	; 1
    00000551 FE                    1415 	.db #0xfe	; 254
    00000552 03                    1416 	.db #0x03	; 3
    00000553 FC                    1417 	.db #0xfc	; 252
    00000554 01                    1418 	.db #0x01	; 1
    00000555 FE                    1419 	.db #0xfe	; 254
    00000556 2B                    1420 	.db #0x2b	; 43
    00000557 D4                    1421 	.db #0xd4	; 212
    00000558 3F                    1422 	.db #0x3f	; 63
    00000559 FF                    1423 	.db #0xff	; 255
    0000055A 1D                    1424 	.db #0x1d	; 29
    0000055B FF                    1425 	.db #0xff	; 255
    0000055C 3E                    1426 	.db #0x3e	; 62
    0000055D FF                    1427 	.db #0xff	; 255
    0000055E 7B                    1428 	.db #0x7b	; 123
    0000055F F7                    1429 	.db #0xf7	; 247
    00000560 46                    1430 	.db #0x46	; 70	'F'
    00000561 FB                    1431 	.db #0xfb	; 251
    00000562 02                    1432 	.db #0x02	; 2
    00000563 FD                    1433 	.db #0xfd	; 253
    00000564 00                    1434 	.db #0x00	; 0
    00000565 FF                    1435 	.db #0xff	; 255
    00000566 80                    1436 	.db #0x80	; 128
    00000567 7F                    1437 	.db #0x7f	; 127
    00000568 E3                    1438 	.db #0xe3	; 227
    00000569 FF                    1439 	.db #0xff	; 255
    0000056A 01                    1440 	.db #0x01	; 1
    0000056B FF                    1441 	.db #0xff	; 255
    0000056C A3                    1442 	.db #0xa3	; 163
    0000056D FF                    1443 	.db #0xff	; 255
    0000056E 61                    1444 	.db #0x61	; 97	'a'
    0000056F FF                    1445 	.db #0xff	; 255
    00000570 23                    1446 	.db #0x23	; 35
    00000571 FF                    1447 	.db #0xff	; 255
    00000572 01                    1448 	.db #0x01	; 1
    00000573 FF                    1449 	.db #0xff	; 255
    00000574 03                    1450 	.db #0x03	; 3
    00000575 FF                    1451 	.db #0xff	; 255
    00000576 29                    1452 	.db #0x29	; 41
    00000577 D7                    1453 	.db #0xd7	; 215
    00000578 81                    1454 	.db #0x81	; 129
    00000579 FE                    1455 	.db #0xfe	; 254
    0000057A C0                    1456 	.db #0xc0	; 192
    0000057B FF                    1457 	.db #0xff	; 255
    0000057C E0                    1458 	.db #0xe0	; 224
    0000057D FF                    1459 	.db #0xff	; 255
    0000057E C0                    1460 	.db #0xc0	; 192
    0000057F FF                    1461 	.db #0xff	; 255
    00000580 E0                    1462 	.db #0xe0	; 224
    00000581 FF                    1463 	.db #0xff	; 255
    00000582 C0                    1464 	.db #0xc0	; 192
    00000583 FF                    1465 	.db #0xff	; 255
    00000584 E2                    1466 	.db #0xe2	; 226
    00000585 FF                    1467 	.db #0xff	; 255
    00000586 40                    1468 	.db #0x40	; 64
    00000587 FF                    1469 	.db #0xff	; 255
    00000588 55                    1470 	.db #0x55	; 85	'U'
    00000589 AA                    1471 	.db #0xaa	; 170
    0000058A BA                    1472 	.db #0xba	; 186
    0000058B 45                    1473 	.db #0x45	; 69	'E'
    0000058C 72                    1474 	.db #0x72	; 114	'r'
    0000058D 8F                    1475 	.db #0x8f	; 143
    0000058E EE                    1476 	.db #0xee	; 238
    0000058F 11                    1477 	.db #0x11	; 17
    00000590 54                    1478 	.db #0x54	; 84	'T'
    00000591 AB                    1479 	.db #0xab	; 171
    00000592 FC                    1480 	.db #0xfc	; 252
    00000593 07                    1481 	.db #0x07	; 7
    00000594 50                    1482 	.db #0x50	; 80	'P'
    00000595 AF                    1483 	.db #0xaf	; 175
    00000596 F8                    1484 	.db #0xf8	; 248
    00000597 07                    1485 	.db #0x07	; 7
    00000598 2A                    1486 	.db #0x2a	; 42
    00000599 FF                    1487 	.db #0xff	; 255
    0000059A 44                    1488 	.db #0x44	; 68	'D'
    0000059B FF                    1489 	.db #0xff	; 255
    0000059C A8                    1490 	.db #0xa8	; 168
    0000059D FF                    1491 	.db #0xff	; 255
    0000059E 10                    1492 	.db #0x10	; 16
    0000059F FF                    1493 	.db #0xff	; 255
    000005A0 BA                    1494 	.db #0xba	; 186
    000005A1 FF                    1495 	.db #0xff	; 255
    000005A2 74                    1496 	.db #0x74	; 116	't'
    000005A3 FF                    1497 	.db #0xff	; 255
    000005A4 21                    1498 	.db #0x21	; 33
    000005A5 FF                    1499 	.db #0xff	; 255
    000005A6 45                    1500 	.db #0x45	; 69	'E'
    000005A7 FF                    1501 	.db #0xff	; 255
    000005A8 3F                    1502 	.db #0x3f	; 63
    000005A9 FF                    1503 	.db #0xff	; 255
    000005AA 5D                    1504 	.db #0x5d	; 93
    000005AB FF                    1505 	.db #0xff	; 255
    000005AC FF                    1506 	.db #0xff	; 255
    000005AD FF                    1507 	.db #0xff	; 255
    000005AE 7F                    1508 	.db #0x7f	; 127
    000005AF FF                    1509 	.db #0xff	; 255
    000005B0 FF                    1510 	.db #0xff	; 255
    000005B1 FF                    1511 	.db #0xff	; 255
    000005B2 FF                    1512 	.db #0xff	; 255
    000005B3 FF                    1513 	.db #0xff	; 255
    000005B4 FF                    1514 	.db #0xff	; 255
    000005B5 FF                    1515 	.db #0xff	; 255
    000005B6 10                    1516 	.db #0x10	; 16
    000005B7 FF                    1517 	.db #0xff	; 255
    000005B8 FF                    1518 	.db #0xff	; 255
    000005B9 FF                    1519 	.db #0xff	; 255
    000005BA FF                    1520 	.db #0xff	; 255
    000005BB FF                    1521 	.db #0xff	; 255
    000005BC FF                    1522 	.db #0xff	; 255
    000005BD FF                    1523 	.db #0xff	; 255
    000005BE 7D                    1524 	.db #0x7d	; 125
    000005BF FF                    1525 	.db #0xff	; 255
    000005C0 FF                    1526 	.db #0xff	; 255
    000005C1 FF                    1527 	.db #0xff	; 255
    000005C2 7D                    1528 	.db #0x7d	; 125
    000005C3 FF                    1529 	.db #0xff	; 255
    000005C4 2A                    1530 	.db #0x2a	; 42
    000005C5 FF                    1531 	.db #0xff	; 255
    000005C6 03                    1532 	.db #0x03	; 3
    000005C7 FF                    1533 	.db #0xff	; 255
    000005C8 FF                    1534 	.db #0xff	; 255
    000005C9 FF                    1535 	.db #0xff	; 255
    000005CA 57                    1536 	.db #0x57	; 87	'W'
    000005CB FF                    1537 	.db #0xff	; 255
    000005CC AF                    1538 	.db #0xaf	; 175
    000005CD FF                    1539 	.db #0xff	; 255
    000005CE 57                    1540 	.db #0x57	; 87	'W'
    000005CF FF                    1541 	.db #0xff	; 255
    000005D0 BF                    1542 	.db #0xbf	; 191
    000005D1 FF                    1543 	.db #0xff	; 255
    000005D2 DD                    1544 	.db #0xdd	; 221
    000005D3 FF                    1545 	.db #0xff	; 255
    000005D4 EF                    1546 	.db #0xef	; 239
    000005D5 FF                    1547 	.db #0xff	; 255
    000005D6 47                    1548 	.db #0x47	; 71	'G'
    000005D7 FF                    1549 	.db #0xff	; 255
    000005D8 EA                    1550 	.db #0xea	; 234
    000005D9 FF                    1551 	.db #0xff	; 255
    000005DA 50                    1552 	.db #0x50	; 80	'P'
    000005DB FF                    1553 	.db #0xff	; 255
    000005DC AA                    1554 	.db #0xaa	; 170
    000005DD FF                    1555 	.db #0xff	; 255
    000005DE 50                    1556 	.db #0x50	; 80	'P'
    000005DF FF                    1557 	.db #0xff	; 255
    000005E0 E8                    1558 	.db #0xe8	; 232
    000005E1 FF                    1559 	.db #0xff	; 255
    000005E2 D4                    1560 	.db #0xd4	; 212
    000005E3 FF                    1561 	.db #0xff	; 255
    000005E4 FA                    1562 	.db #0xfa	; 250
    000005E5 FF                    1563 	.db #0xff	; 255
    000005E6 75                    1564 	.db #0x75	; 117	'u'
    000005E7 FF                    1565 	.db #0xff	; 255
    000005E8 E2                    1566 	.db #0xe2	; 226
    000005E9 FF                    1567 	.db #0xff	; 255
    000005EA E0                    1568 	.db #0xe0	; 224
    000005EB FF                    1569 	.db #0xff	; 255
    000005EC E0                    1570 	.db #0xe0	; 224
    000005ED FF                    1571 	.db #0xff	; 255
    000005EE E0                    1572 	.db #0xe0	; 224
    000005EF FF                    1573 	.db #0xff	; 255
    000005F0 E0                    1574 	.db #0xe0	; 224
    000005F1 FF                    1575 	.db #0xff	; 255
    000005F2 E0                    1576 	.db #0xe0	; 224
    000005F3 FF                    1577 	.db #0xff	; 255
    000005F4 E8                    1578 	.db #0xe8	; 232
    000005F5 FF                    1579 	.db #0xff	; 255
    000005F6 F0                    1580 	.db #0xf0	; 240
    000005F7 FF                    1581 	.db #0xff	; 255
    000005F8 8E                    1582 	.db #0x8e	; 142
    000005F9 FF                    1583 	.db #0xff	; 255
    000005FA 5F                    1584 	.db #0x5f	; 95
    000005FB FF                    1585 	.db #0xff	; 255
    000005FC AE                    1586 	.db #0xae	; 174
    000005FD FF                    1587 	.db #0xff	; 255
    000005FE 57                    1588 	.db #0x57	; 87	'W'
    000005FF FF                    1589 	.db #0xff	; 255
    00000600 EF                    1590 	.db #0xef	; 239
    00000601 FF                    1591 	.db #0xff	; 255
    00000602 5F                    1592 	.db #0x5f	; 95
    00000603 FF                    1593 	.db #0xff	; 255
    00000604 FF                    1594 	.db #0xff	; 255
    00000605 FF                    1595 	.db #0xff	; 255
    00000606 5F                    1596 	.db #0x5f	; 95
    00000607 FF                    1597 	.db #0xff	; 255
    00000608 15                    1598 	.db #0x15	; 21
    00000609 EA                    1599 	.db #0xea	; 234
    0000060A 2B                    1600 	.db #0x2b	; 43
    0000060B D4                    1601 	.db #0xd4	; 212
    0000060C 05                    1602 	.db #0x05	; 5
    0000060D FA                    1603 	.db #0xfa	; 250
    0000060E 0B                    1604 	.db #0x0b	; 11
    0000060F F4                    1605 	.db #0xf4	; 244
    00000610 01                    1606 	.db #0x01	; 1
    00000611 FE                    1607 	.db #0xfe	; 254
    00000612 03                    1608 	.db #0x03	; 3
    00000613 FC                    1609 	.db #0xfc	; 252
    00000614 04                    1610 	.db #0x04	; 4
    00000615 FB                    1611 	.db #0xfb	; 251
    00000616 0E                    1612 	.db #0x0e	; 14
    00000617 F1                    1613 	.db #0xf1	; 241
    00000618 F7                    1614 	.db #0xf7	; 247
    00000619 08                    1615 	.db #0x08	; 8
    0000061A FB                    1616 	.db #0xfb	; 251
    0000061B 04                    1617 	.db #0x04	; 4
    0000061C D7                    1618 	.db #0xd7	; 215
    0000061D 28                    1619 	.db #0x28	; 40
    0000061E EF                    1620 	.db #0xef	; 239
    0000061F 10                    1621 	.db #0x10	; 16
    00000620 17                    1622 	.db #0x17	; 23
    00000621 E8                    1623 	.db #0xe8	; 232
    00000622 03                    1624 	.db #0x03	; 3
    00000623 FC                    1625 	.db #0xfc	; 252
    00000624 48                    1626 	.db #0x48	; 72	'H'
    00000625 BF                    1627 	.db #0xbf	; 191
    00000626 F8                    1628 	.db #0xf8	; 248
    00000627 07                    1629 	.db #0x07	; 7
    00000628 10                    1630 	.db #0x10	; 16
    00000629 EF                    1631 	.db #0xef	; 239
    0000062A 8A                    1632 	.db #0x8a	; 138
    0000062B 75                    1633 	.db #0x75	; 117	'u'
    0000062C C5                    1634 	.db #0xc5	; 197
    0000062D 3A                    1635 	.db #0x3a	; 58
    0000062E CA                    1636 	.db #0xca	; 202
    0000062F 35                    1637 	.db #0x35	; 53	'5'
    00000630 C0                    1638 	.db #0xc0	; 192
    00000631 3F                    1639 	.db #0x3f	; 63
    00000632 A0                    1640 	.db #0xa0	; 160
    00000633 5F                    1641 	.db #0x5f	; 95
    00000634 00                    1642 	.db #0x00	; 0
    00000635 FF                    1643 	.db #0xff	; 255
    00000636 48                    1644 	.db #0x48	; 72	'H'
    00000637 F7                    1645 	.db #0xf7	; 247
    00000638 03                    1646 	.db #0x03	; 3
    00000639 FF                    1647 	.db #0xff	; 255
    0000063A A1                    1648 	.db #0xa1	; 161
    0000063B 5F                    1649 	.db #0x5f	; 95
    0000063C 43                    1650 	.db #0x43	; 67	'C'
    0000063D BF                    1651 	.db #0xbf	; 191
    0000063E A3                    1652 	.db #0xa3	; 163
    0000063F 5F                    1653 	.db #0x5f	; 95
    00000640 02                    1654 	.db #0x02	; 2
    00000641 FF                    1655 	.db #0xff	; 255
    00000642 03                    1656 	.db #0x03	; 3
    00000643 FF                    1657 	.db #0xff	; 255
    00000644 03                    1658 	.db #0x03	; 3
    00000645 FF                    1659 	.db #0xff	; 255
    00000646 03                    1660 	.db #0x03	; 3
    00000647 FF                    1661 	.db #0xff	; 255
    00000648 E8                    1662 	.db #0xe8	; 232
    00000649 FF                    1663 	.db #0xff	; 255
    0000064A C8                    1664 	.db #0xc8	; 200
    0000064B FF                    1665 	.db #0xff	; 255
    0000064C E8                    1666 	.db #0xe8	; 232
    0000064D FF                    1667 	.db #0xff	; 255
    0000064E 44                    1668 	.db #0x44	; 68	'D'
    0000064F FF                    1669 	.db #0xff	; 255
    00000650 EE                    1670 	.db #0xee	; 238
    00000651 FF                    1671 	.db #0xff	; 255
    00000652 44                    1672 	.db #0x44	; 68	'D'
    00000653 FF                    1673 	.db #0xff	; 255
    00000654 8A                    1674 	.db #0x8a	; 138
    00000655 FF                    1675 	.db #0xff	; 255
    00000656 00                    1676 	.db #0x00	; 0
    00000657 FF                    1677 	.db #0xff	; 255
    00000658 70                    1678 	.db #0x70	; 112	'p'
    00000659 8F                    1679 	.db #0x8f	; 143
    0000065A 39                    1680 	.db #0x39	; 57	'9'
    0000065B C7                    1681 	.db #0xc7	; 199
    0000065C 51                    1682 	.db #0x51	; 81	'Q'
    0000065D AF                    1683 	.db #0xaf	; 175
    0000065E 79                    1684 	.db #0x79	; 121	'y'
    0000065F 87                    1685 	.db #0x87	; 135
    00000660 F2                    1686 	.db #0xf2	; 242
    00000661 8F                    1687 	.db #0x8f	; 143
    00000662 3D                    1688 	.db #0x3d	; 61
    00000663 C7                    1689 	.db #0xc7	; 199
    00000664 73                    1690 	.db #0x73	; 115	's'
    00000665 8F                    1691 	.db #0x8f	; 143
    00000666 E1                    1692 	.db #0xe1	; 225
    00000667 1F                    1693 	.db #0x1f	; 31
    00000668 FE                    1694 	.db #0xfe	; 254
    00000669 FF                    1695 	.db #0xff	; 255
    0000066A FD                    1696 	.db #0xfd	; 253
    0000066B FE                    1697 	.db #0xfe	; 254
    0000066C FD                    1698 	.db #0xfd	; 253
    0000066D FE                    1699 	.db #0xfe	; 254
    0000066E 7C                    1700 	.db #0x7c	; 124
    0000066F FF                    1701 	.db #0xff	; 255
    00000670 E9                    1702 	.db #0xe9	; 233
    00000671 FE                    1703 	.db #0xfe	; 254
    00000672 EF                    1704 	.db #0xef	; 239
    00000673 F0                    1705 	.db #0xf0	; 240
    00000674 F5                    1706 	.db #0xf5	; 245
    00000675 EA                    1707 	.db #0xea	; 234
    00000676 CF                    1708 	.db #0xcf	; 207
    00000677 F0                    1709 	.db #0xf0	; 240
    00000678 00                    1710 	.db #0x00	; 0
    00000679 FF                    1711 	.db #0xff	; 255
    0000067A 80                    1712 	.db #0x80	; 128
    0000067B 7F                    1713 	.db #0x7f	; 127
    0000067C 10                    1714 	.db #0x10	; 16
    0000067D EF                    1715 	.db #0xef	; 239
    0000067E EA                    1716 	.db #0xea	; 234
    0000067F 15                    1717 	.db #0x15	; 21
    00000680 54                    1718 	.db #0x54	; 84	'T'
    00000681 AB                    1719 	.db #0xab	; 171
    00000682 BA                    1720 	.db #0xba	; 186
    00000683 45                    1721 	.db #0x45	; 69	'E'
    00000684 54                    1722 	.db #0x54	; 84	'T'
    00000685 AB                    1723 	.db #0xab	; 171
    00000686 EE                    1724 	.db #0xee	; 238
    00000687 11                    1725 	.db #0x11	; 17
    00000688 02                    1726 	.db #0x02	; 2
    00000689 FF                    1727 	.db #0xff	; 255
    0000068A 00                    1728 	.db #0x00	; 0
    0000068B FF                    1729 	.db #0xff	; 255
    0000068C 00                    1730 	.db #0x00	; 0
    0000068D FF                    1731 	.db #0xff	; 255
    0000068E 00                    1732 	.db #0x00	; 0
    0000068F FF                    1733 	.db #0xff	; 255
    00000690 00                    1734 	.db #0x00	; 0
    00000691 FF                    1735 	.db #0xff	; 255
    00000692 00                    1736 	.db #0x00	; 0
    00000693 FF                    1737 	.db #0xff	; 255
    00000694 00                    1738 	.db #0x00	; 0
    00000695 FF                    1739 	.db #0xff	; 255
    00000696 00                    1740 	.db #0x00	; 0
    00000697 FF                    1741 	.db #0xff	; 255
    00000698 6F                    1742 	.db #0x6f	; 111	'o'
    00000699 FF                    1743 	.db #0xff	; 255
    0000069A 4F                    1744 	.db #0x4f	; 79	'O'
    0000069B FF                    1745 	.db #0xff	; 255
    0000069C 2F                    1746 	.db #0x2f	; 47
    0000069D FF                    1747 	.db #0xff	; 255
    0000069E 05                    1748 	.db #0x05	; 5
    0000069F FF                    1749 	.db #0xff	; 255
    000006A0 2F                    1750 	.db #0x2f	; 47
    000006A1 FF                    1751 	.db #0xff	; 255
    000006A2 1F                    1752 	.db #0x1f	; 31
    000006A3 FF                    1753 	.db #0xff	; 255
    000006A4 3F                    1754 	.db #0x3f	; 63
    000006A5 FF                    1755 	.db #0xff	; 255
    000006A6 17                    1756 	.db #0x17	; 23
    000006A7 FF                    1757 	.db #0xff	; 255
    000006A8 FF                    1758 	.db #0xff	; 255
    000006A9 FF                    1759 	.db #0xff	; 255
    000006AA FD                    1760 	.db #0xfd	; 253
    000006AB FF                    1761 	.db #0xff	; 255
    000006AC FF                    1762 	.db #0xff	; 255
    000006AD FF                    1763 	.db #0xff	; 255
    000006AE FF                    1764 	.db #0xff	; 255
    000006AF FF                    1765 	.db #0xff	; 255
    000006B0 FF                    1766 	.db #0xff	; 255
    000006B1 FF                    1767 	.db #0xff	; 255
    000006B2 FF                    1768 	.db #0xff	; 255
    000006B3 FF                    1769 	.db #0xff	; 255
    000006B4 FF                    1770 	.db #0xff	; 255
    000006B5 FF                    1771 	.db #0xff	; 255
    000006B6 7F                    1772 	.db #0x7f	; 127
    000006B7 FF                    1773 	.db #0xff	; 255
    000006B8 F8                    1774 	.db #0xf8	; 248
    000006B9 FF                    1775 	.db #0xff	; 255
    000006BA F4                    1776 	.db #0xf4	; 244
    000006BB FF                    1777 	.db #0xff	; 255
    000006BC F8                    1778 	.db #0xf8	; 248
    000006BD FF                    1779 	.db #0xff	; 255
    000006BE F0                    1780 	.db #0xf0	; 240
    000006BF FF                    1781 	.db #0xff	; 255
    000006C0 F8                    1782 	.db #0xf8	; 248
    000006C1 FF                    1783 	.db #0xff	; 255
    000006C2 F5                    1784 	.db #0xf5	; 245
    000006C3 FF                    1785 	.db #0xff	; 255
    000006C4 F2                    1786 	.db #0xf2	; 242
    000006C5 FF                    1787 	.db #0xff	; 255
    000006C6 E1                    1788 	.db #0xe1	; 225
    000006C7 FF                    1789 	.db #0xff	; 255
    000006C8 BE                    1790 	.db #0xbe	; 190
    000006C9 FF                    1791 	.db #0xff	; 255
    000006CA 5E                    1792 	.db #0x5e	; 94
    000006CB FF                    1793 	.db #0xff	; 255
    000006CC BE                    1794 	.db #0xbe	; 190
    000006CD FF                    1795 	.db #0xff	; 255
    000006CE 1F                    1796 	.db #0x1f	; 31
    000006CF FF                    1797 	.db #0xff	; 255
    000006D0 BF                    1798 	.db #0xbf	; 191
    000006D1 FF                    1799 	.db #0xff	; 255
    000006D2 5F                    1800 	.db #0x5f	; 95
    000006D3 FF                    1801 	.db #0xff	; 255
    000006D4 BF                    1802 	.db #0xbf	; 191
    000006D5 FF                    1803 	.db #0xff	; 255
    000006D6 57                    1804 	.db #0x57	; 87	'W'
    000006D7 FF                    1805 	.db #0xff	; 255
    000006D8 05                    1806 	.db #0x05	; 5
    000006D9 FA                    1807 	.db #0xfa	; 250
    000006DA 0A                    1808 	.db #0x0a	; 10
    000006DB F5                    1809 	.db #0xf5	; 245
    000006DC 04                    1810 	.db #0x04	; 4
    000006DD FB                    1811 	.db #0xfb	; 251
    000006DE 08                    1812 	.db #0x08	; 8
    000006DF F7                    1813 	.db #0xf7	; 247
    000006E0 13                    1814 	.db #0x13	; 19
    000006E1 EF                    1815 	.db #0xef	; 239
    000006E2 08                    1816 	.db #0x08	; 8
    000006E3 F7                    1817 	.db #0xf7	; 247
    000006E4 80                    1818 	.db #0x80	; 128
    000006E5 FF                    1819 	.db #0xff	; 255
    000006E6 8A                    1820 	.db #0x8a	; 138
    000006E7 F5                    1821 	.db #0xf5	; 245
    000006E8 53                    1822 	.db #0x53	; 83	'S'
    000006E9 AF                    1823 	.db #0xaf	; 175
    000006EA A9                    1824 	.db #0xa9	; 169
    000006EB 57                    1825 	.db #0x57	; 87	'W'
    000006EC 5D                    1826 	.db #0x5d	; 93
    000006ED A2                    1827 	.db #0xa2	; 162
    000006EE C3                    1828 	.db #0xc3	; 195
    000006EF 3C                    1829 	.db #0x3c	; 60
    000006F0 E8                    1830 	.db #0xe8	; 232
    000006F1 FF                    1831 	.db #0xff	; 255
    000006F2 41                    1832 	.db #0x41	; 65	'A'
    000006F3 FF                    1833 	.db #0xff	; 255
    000006F4 1D                    1834 	.db #0x1d	; 29
    000006F5 E2                    1835 	.db #0xe2	; 226
    000006F6 8A                    1836 	.db #0x8a	; 138
    000006F7 75                    1837 	.db #0x75	; 117	'u'
    000006F8 90                    1838 	.db #0x90	; 144
    000006F9 EF                    1839 	.db #0xef	; 239
    000006FA 22                    1840 	.db #0x22	; 34
    000006FB DD                    1841 	.db #0xdd	; 221
    000006FC C0                    1842 	.db #0xc0	; 192
    000006FD 3F                    1843 	.db #0x3f	; 63
    000006FE A8                    1844 	.db #0xa8	; 168
    000006FF 57                    1845 	.db #0x57	; 87	'W'
    00000700 80                    1846 	.db #0x80	; 128
    00000701 FF                    1847 	.db #0xff	; 255
    00000702 54                    1848 	.db #0x54	; 84	'T'
    00000703 FF                    1849 	.db #0xff	; 255
    00000704 40                    1850 	.db #0x40	; 64
    00000705 BF                    1851 	.db #0xbf	; 191
    00000706 80                    1852 	.db #0x80	; 128
    00000707 7F                    1853 	.db #0x7f	; 127
    00000708 03                    1854 	.db #0x03	; 3
    00000709 FF                    1855 	.db #0xff	; 255
    0000070A 07                    1856 	.db #0x07	; 7
    0000070B FF                    1857 	.db #0xff	; 255
    0000070C 07                    1858 	.db #0x07	; 7
    0000070D FF                    1859 	.db #0xff	; 255
    0000070E 87                    1860 	.db #0x87	; 135
    0000070F 7F                    1861 	.db #0x7f	; 127
    00000710 07                    1862 	.db #0x07	; 7
    00000711 FF                    1863 	.db #0xff	; 255
    00000712 07                    1864 	.db #0x07	; 7
    00000713 FF                    1865 	.db #0xff	; 255
    00000714 07                    1866 	.db #0x07	; 7
    00000715 FF                    1867 	.db #0xff	; 255
    00000716 8F                    1868 	.db #0x8f	; 143
    00000717 7F                    1869 	.db #0x7f	; 127
    00000718 E8                    1870 	.db #0xe8	; 232
    00000719 FF                    1871 	.db #0xff	; 255
    0000071A 40                    1872 	.db #0x40	; 64
    0000071B FF                    1873 	.db #0xff	; 255
    0000071C E0                    1874 	.db #0xe0	; 224
    0000071D FF                    1875 	.db #0xff	; 255
    0000071E 41                    1876 	.db #0x41	; 65	'A'
    0000071F FE                    1877 	.db #0xfe	; 254
    00000720 E9                    1878 	.db #0xe9	; 233
    00000721 FE                    1879 	.db #0xfe	; 254
    00000722 C0                    1880 	.db #0xc0	; 192
    00000723 FF                    1881 	.db #0xff	; 255
    00000724 A2                    1882 	.db #0xa2	; 162
    00000725 FF                    1883 	.db #0xff	; 255
    00000726 48                    1884 	.db #0x48	; 72	'H'
    00000727 F7                    1885 	.db #0xf7	; 247
    00000728 6B                    1886 	.db #0x6b	; 107	'k'
    00000729 9F                    1887 	.db #0x9f	; 159
    0000072A 25                    1888 	.db #0x25	; 37
    0000072B DF                    1889 	.db #0xdf	; 223
    0000072C 4B                    1890 	.db #0x4b	; 75	'K'
    0000072D BF                    1891 	.db #0xbf	; 191
    0000072E 95                    1892 	.db #0x95	; 149
    0000072F 7F                    1893 	.db #0x7f	; 127
    00000730 0F                    1894 	.db #0x0f	; 15
    00000731 FF                    1895 	.db #0xff	; 255
    00000732 9F                    1896 	.db #0x9f	; 159
    00000733 7F                    1897 	.db #0x7f	; 127
    00000734 3F                    1898 	.db #0x3f	; 63
    00000735 FF                    1899 	.db #0xff	; 255
    00000736 77                    1900 	.db #0x77	; 119	'w'
    00000737 FF                    1901 	.db #0xff	; 255
    00000738 D5                    1902 	.db #0xd5	; 213
    00000739 EA                    1903 	.db #0xea	; 234
    0000073A EB                    1904 	.db #0xeb	; 235
    0000073B D4                    1905 	.db #0xd4	; 212
    0000073C 95                    1906 	.db #0x95	; 149
    0000073D EA                    1907 	.db #0xea	; 234
    0000073E FB                    1908 	.db #0xfb	; 251
    0000073F C4                    1909 	.db #0xc4	; 196
    00000740 C1                    1910 	.db #0xc1	; 193
    00000741 FE                    1911 	.db #0xfe	; 254
    00000742 C5                    1912 	.db #0xc5	; 197
    00000743 FF                    1913 	.db #0xff	; 255
    00000744 FB                    1914 	.db #0xfb	; 251
    00000745 FF                    1915 	.db #0xff	; 255
    00000746 47                    1916 	.db #0x47	; 71	'G'
    00000747 FF                    1917 	.db #0xff	; 255
    00000748 45                    1918 	.db #0x45	; 69	'E'
    00000749 BA                    1919 	.db #0xba	; 186
    0000074A AF                    1920 	.db #0xaf	; 175
    0000074B 50                    1921 	.db #0x50	; 80	'P'
    0000074C 45                    1922 	.db #0x45	; 69	'E'
    0000074D BA                    1923 	.db #0xba	; 186
    0000074E EE                    1924 	.db #0xee	; 238
    0000074F 11                    1925 	.db #0x11	; 17
    00000750 04                    1926 	.db #0x04	; 4
    00000751 FB                    1927 	.db #0xfb	; 251
    00000752 41                    1928 	.db #0x41	; 65	'A'
    00000753 FF                    1929 	.db #0xff	; 255
    00000754 F3                    1930 	.db #0xf3	; 243
    00000755 FF                    1931 	.db #0xff	; 255
    00000756 49                    1932 	.db #0x49	; 73	'I'
    00000757 F7                    1933 	.db #0xf7	; 247
    00000758 00                    1934 	.db #0x00	; 0
    00000759 FF                    1935 	.db #0xff	; 255
    0000075A 80                    1936 	.db #0x80	; 128
    0000075B 7F                    1937 	.db #0x7f	; 127
    0000075C 03                    1938 	.db #0x03	; 3
    0000075D FF                    1939 	.db #0xff	; 255
    0000075E 1F                    1940 	.db #0x1f	; 31
    0000075F FF                    1941 	.db #0xff	; 255
    00000760 FF                    1942 	.db #0xff	; 255
    00000761 FF                    1943 	.db #0xff	; 255
    00000762 F4                    1944 	.db #0xf4	; 244
    00000763 FF                    1945 	.db #0xff	; 255
    00000764 AF                    1946 	.db #0xaf	; 175
    00000765 FF                    1947 	.db #0xff	; 255
    00000766 19                    1948 	.db #0x19	; 25
    00000767 FF                    1949 	.db #0xff	; 255
    00000768 CF                    1950 	.db #0xcf	; 207
    00000769 FF                    1951 	.db #0xff	; 255
    0000076A 41                    1952 	.db #0x41	; 65	'A'
    0000076B FF                    1953 	.db #0xff	; 255
    0000076C FB                    1954 	.db #0xfb	; 251
    0000076D FF                    1955 	.db #0xff	; 255
    0000076E FD                    1956 	.db #0xfd	; 253
    0000076F FF                    1957 	.db #0xff	; 255
    00000770 EF                    1958 	.db #0xef	; 239
    00000771 FF                    1959 	.db #0xff	; 255
    00000772 45                    1960 	.db #0x45	; 69	'E'
    00000773 FF                    1961 	.db #0xff	; 255
    00000774 EA                    1962 	.db #0xea	; 234
    00000775 FF                    1963 	.db #0xff	; 255
    00000776 50                    1964 	.db #0x50	; 80	'P'
    00000777 FF                    1965 	.db #0xff	; 255
    00000778 FF                    1966 	.db #0xff	; 255
    00000779 FF                    1967 	.db #0xff	; 255
    0000077A DF                    1968 	.db #0xdf	; 223
    0000077B FF                    1969 	.db #0xff	; 255
    0000077C FF                    1970 	.db #0xff	; 255
    0000077D FF                    1971 	.db #0xff	; 255
    0000077E F7                    1972 	.db #0xf7	; 247
    0000077F FF                    1973 	.db #0xff	; 255
    00000780 FF                    1974 	.db #0xff	; 255
    00000781 FF                    1975 	.db #0xff	; 255
    00000782 7F                    1976 	.db #0x7f	; 127
    00000783 FF                    1977 	.db #0xff	; 255
    00000784 BF                    1978 	.db #0xbf	; 191
    00000785 FF                    1979 	.db #0xff	; 255
    00000786 1F                    1980 	.db #0x1f	; 31
    00000787 FF                    1981 	.db #0xff	; 255
    00000788 FF                    1982 	.db #0xff	; 255
    00000789 FF                    1983 	.db #0xff	; 255
    0000078A FF                    1984 	.db #0xff	; 255
    0000078B FF                    1985 	.db #0xff	; 255
    0000078C FF                    1986 	.db #0xff	; 255
    0000078D FF                    1987 	.db #0xff	; 255
    0000078E FF                    1988 	.db #0xff	; 255
    0000078F FF                    1989 	.db #0xff	; 255
    00000790 FF                    1990 	.db #0xff	; 255
    00000791 FF                    1991 	.db #0xff	; 255
    00000792 FF                    1992 	.db #0xff	; 255
    00000793 FF                    1993 	.db #0xff	; 255
    00000794 FF                    1994 	.db #0xff	; 255
    00000795 FF                    1995 	.db #0xff	; 255
    00000796 F7                    1996 	.db #0xf7	; 247
    00000797 FF                    1997 	.db #0xff	; 255
    00000798 E2                    1998 	.db #0xe2	; 226
    00000799 FF                    1999 	.db #0xff	; 255
    0000079A E1                    2000 	.db #0xe1	; 225
    0000079B FF                    2001 	.db #0xff	; 255
    0000079C E2                    2002 	.db #0xe2	; 226
    0000079D FF                    2003 	.db #0xff	; 255
    0000079E E0                    2004 	.db #0xe0	; 224
    0000079F FF                    2005 	.db #0xff	; 255
    000007A0 F0                    2006 	.db #0xf0	; 240
    000007A1 FF                    2007 	.db #0xff	; 255
    000007A2 F0                    2008 	.db #0xf0	; 240
    000007A3 FF                    2009 	.db #0xff	; 255
    000007A4 FA                    2010 	.db #0xfa	; 250
    000007A5 FF                    2011 	.db #0xff	; 255
    000007A6 FC                    2012 	.db #0xfc	; 252
    000007A7 FF                    2013 	.db #0xff	; 255
    000007A8 AF                    2014 	.db #0xaf	; 175
    000007A9 FF                    2015 	.db #0xff	; 255
    000007AA 57                    2016 	.db #0x57	; 87	'W'
    000007AB FF                    2017 	.db #0xff	; 255
    000007AC BF                    2018 	.db #0xbf	; 191
    000007AD FF                    2019 	.db #0xff	; 255
    000007AE 17                    2020 	.db #0x17	; 23
    000007AF FF                    2021 	.db #0xff	; 255
    000007B0 AF                    2022 	.db #0xaf	; 175
    000007B1 FF                    2023 	.db #0xff	; 255
    000007B2 47                    2024 	.db #0x47	; 71	'G'
    000007B3 FF                    2025 	.db #0xff	; 255
    000007B4 07                    2026 	.db #0x07	; 7
    000007B5 FF                    2027 	.db #0xff	; 255
    000007B6 05                    2028 	.db #0x05	; 5
    000007B7 FF                    2029 	.db #0xff	; 255
    000007B8 C0                    2030 	.db #0xc0	; 192
    000007B9 FF                    2031 	.db #0xff	; 255
    000007BA C2                    2032 	.db #0xc2	; 194
    000007BB FD                    2033 	.db #0xfd	; 253
    000007BC E0                    2034 	.db #0xe0	; 224
    000007BD FF                    2035 	.db #0xff	; 255
    000007BE F0                    2036 	.db #0xf0	; 240
    000007BF FF                    2037 	.db #0xff	; 255
    000007C0 FC                    2038 	.db #0xfc	; 252
    000007C1 FF                    2039 	.db #0xff	; 255
    000007C2 DC                    2040 	.db #0xdc	; 220
    000007C3 FF                    2041 	.db #0xff	; 255
    000007C4 FE                    2042 	.db #0xfe	; 254
    000007C5 FF                    2043 	.db #0xff	; 255
    000007C6 FF                    2044 	.db #0xff	; 255
    000007C7 FF                    2045 	.db #0xff	; 255
    000007C8 0B                    2046 	.db #0x0b	; 11
    000007C9 FF                    2047 	.db #0xff	; 255
    000007CA 00                    2048 	.db #0x00	; 0
    000007CB FF                    2049 	.db #0xff	; 255
    000007CC 04                    2050 	.db #0x04	; 4
    000007CD FB                    2051 	.db #0xfb	; 251
    000007CE FE                    2052 	.db #0xfe	; 254
    000007CF 01                    2053 	.db #0x01	; 1
    000007D0 15                    2054 	.db #0x15	; 21
    000007D1 EA                    2055 	.db #0xea	; 234
    000007D2 0A                    2056 	.db #0x0a	; 10
    000007D3 F5                    2057 	.db #0xf5	; 245
    000007D4 20                    2058 	.db #0x20	; 32
    000007D5 FF                    2059 	.db #0xff	; 255
    000007D6 00                    2060 	.db #0x00	; 0
    000007D7 FF                    2061 	.db #0xff	; 255
    000007D8 80                    2062 	.db #0x80	; 128
    000007D9 FF                    2063 	.db #0xff	; 255
    000007DA 00                    2064 	.db #0x00	; 0
    000007DB FF                    2065 	.db #0xff	; 255
    000007DC 00                    2066 	.db #0x00	; 0
    000007DD FF                    2067 	.db #0xff	; 255
    000007DE A0                    2068 	.db #0xa0	; 160
    000007DF 5F                    2069 	.db #0x5f	; 95
    000007E0 00                    2070 	.db #0x00	; 0
    000007E1 FF                    2071 	.db #0xff	; 255
    000007E2 A0                    2072 	.db #0xa0	; 160
    000007E3 5F                    2073 	.db #0x5f	; 95
    000007E4 03                    2074 	.db #0x03	; 3
    000007E5 FF                    2075 	.db #0xff	; 255
    000007E6 06                    2076 	.db #0x06	; 6
    000007E7 FF                    2077 	.db #0xff	; 255
    000007E8 1F                    2078 	.db #0x1f	; 31
    000007E9 FF                    2079 	.db #0xff	; 255
    000007EA 1F                    2080 	.db #0x1f	; 31
    000007EB FF                    2081 	.db #0xff	; 255
    000007EC 3E                    2082 	.db #0x3e	; 62
    000007ED FF                    2083 	.db #0xff	; 255
    000007EE 36                    2084 	.db #0x36	; 54	'6'
    000007EF FF                    2085 	.db #0xff	; 255
    000007F0 7E                    2086 	.db #0x7e	; 126
    000007F1 FF                    2087 	.db #0xff	; 255
    000007F2 C4                    2088 	.db #0xc4	; 196
    000007F3 FF                    2089 	.db #0xff	; 255
    000007F4 80                    2090 	.db #0x80	; 128
    000007F5 FF                    2091 	.db #0xff	; 255
    000007F6 28                    2092 	.db #0x28	; 40
    000007F7 D7                    2093 	.db #0xd7	; 215
    000007F8 A5                    2094 	.db #0xa5	; 165
    000007F9 FB                    2095 	.db #0xfb	; 251
    000007FA 49                    2096 	.db #0x49	; 73	'I'
    000007FB F7                    2097 	.db #0xf7	; 247
    000007FC 86                    2098 	.db #0x86	; 134
    000007FD FF                    2099 	.db #0xff	; 255
    000007FE 26                    2100 	.db #0x26	; 38
    000007FF DF                    2101 	.db #0xdf	; 223
    00000800 0A                    2102 	.db #0x0a	; 10
    00000801 FF                    2103 	.db #0xff	; 255
    00000802 1D                    2104 	.db #0x1d	; 29
    00000803 FF                    2105 	.db #0xff	; 255
    00000804 3F                    2106 	.db #0x3f	; 63
    00000805 FF                    2107 	.db #0xff	; 255
    00000806 FF                    2108 	.db #0xff	; 255
    00000807 7F                    2109 	.db #0x7f	; 127
    00000808 FF                    2110 	.db #0xff	; 255
    00000809 FF                    2111 	.db #0xff	; 255
    0000080A 77                    2112 	.db #0x77	; 119	'w'
    0000080B FF                    2113 	.db #0xff	; 255
    0000080C FF                    2114 	.db #0xff	; 255
    0000080D FF                    2115 	.db #0xff	; 255
    0000080E 75                    2116 	.db #0x75	; 117	'u'
    0000080F FF                    2117 	.db #0xff	; 255
    00000810 FF                    2118 	.db #0xff	; 255
    00000811 FF                    2119 	.db #0xff	; 255
    00000812 FF                    2120 	.db #0xff	; 255
    00000813 FF                    2121 	.db #0xff	; 255
    00000814 FF                    2122 	.db #0xff	; 255
    00000815 FF                    2123 	.db #0xff	; 255
    00000816 55                    2124 	.db #0x55	; 85	'U'
    00000817 FF                    2125 	.db #0xff	; 255
    00000818 F7                    2126 	.db #0xf7	; 247
    00000819 EF                    2127 	.db #0xef	; 239
    0000081A C1                    2128 	.db #0xc1	; 193
    0000081B FF                    2129 	.db #0xff	; 255
    0000081C F1                    2130 	.db #0xf1	; 241
    0000081D FB                    2131 	.db #0xfb	; 251
    0000081E C2                    2132 	.db #0xc2	; 194
    0000081F FD                    2133 	.db #0xfd	; 253
    00000820 F0                    2134 	.db #0xf0	; 240
    00000821 EF                    2135 	.db #0xef	; 239
    00000822 DA                    2136 	.db #0xda	; 218
    00000823 E5                    2137 	.db #0xe5	; 229
    00000824 FF                    2138 	.db #0xff	; 255
    00000825 E0                    2139 	.db #0xe0	; 224
    00000826 4F                    2140 	.db #0x4f	; 79	'O'
    00000827 F0                    2141 	.db #0xf0	; 240
    00000828 E4                    2142 	.db #0xe4	; 228
    00000829 FB                    2143 	.db #0xfb	; 251
    0000082A C8                    2144 	.db #0xc8	; 200
    0000082B F7                    2145 	.db #0xf7	; 247
    0000082C AC                    2146 	.db #0xac	; 172
    0000082D F3                    2147 	.db #0xf3	; 243
    0000082E 0C                    2148 	.db #0x0c	; 12
    0000082F F3                    2149 	.db #0xf3	; 243
    00000830 18                    2150 	.db #0x18	; 24
    00000831 E7                    2151 	.db #0xe7	; 231
    00000832 B8                    2152 	.db #0xb8	; 184
    00000833 47                    2153 	.db #0x47	; 71	'G'
    00000834 58                    2154 	.db #0x58	; 88	'X'
    00000835 A7                    2155 	.db #0xa7	; 167
    00000836 F8                    2156 	.db #0xf8	; 248
    00000837 07                    2157 	.db #0x07	; 7
    00000838 3D                    2158 	.db #0x3d	; 61
    00000839 FB                    2159 	.db #0xfb	; 251
    0000083A 73                    2160 	.db #0x73	; 115	's'
    0000083B FD                    2161 	.db #0xfd	; 253
    0000083C BA                    2162 	.db #0xba	; 186
    0000083D FF                    2163 	.db #0xff	; 255
    0000083E 11                    2164 	.db #0x11	; 17
    0000083F FF                    2165 	.db #0xff	; 255
    00000840 08                    2166 	.db #0x08	; 8
    00000841 FF                    2167 	.db #0xff	; 255
    00000842 00                    2168 	.db #0x00	; 0
    00000843 FF                    2169 	.db #0xff	; 255
    00000844 00                    2170 	.db #0x00	; 0
    00000845 FF                    2171 	.db #0xff	; 255
    00000846 08                    2172 	.db #0x08	; 8
    00000847 F7                    2173 	.db #0xf7	; 247
    00000848 B8                    2174 	.db #0xb8	; 184
    00000849 FF                    2175 	.db #0xff	; 255
    0000084A 10                    2176 	.db #0x10	; 16
    0000084B FF                    2177 	.db #0xff	; 255
    0000084C A0                    2178 	.db #0xa0	; 160
    0000084D FF                    2179 	.db #0xff	; 255
    0000084E 00                    2180 	.db #0x00	; 0
    0000084F FF                    2181 	.db #0xff	; 255
    00000850 00                    2182 	.db #0x00	; 0
    00000851 FF                    2183 	.db #0xff	; 255
    00000852 02                    2184 	.db #0x02	; 2
    00000853 FD                    2185 	.db #0xfd	; 253
    00000854 00                    2186 	.db #0x00	; 0
    00000855 FF                    2187 	.db #0xff	; 255
    00000856 2A                    2188 	.db #0x2a	; 42
    00000857 D5                    2189 	.db #0xd5	; 213
    00000858 BF                    2190 	.db #0xbf	; 191
    00000859 FF                    2191 	.db #0xff	; 255
    0000085A 1F                    2192 	.db #0x1f	; 31
    0000085B FF                    2193 	.db #0xff	; 255
    0000085C 3F                    2194 	.db #0x3f	; 63
    0000085D FF                    2195 	.db #0xff	; 255
    0000085E 1F                    2196 	.db #0x1f	; 31
    0000085F FF                    2197 	.db #0xff	; 255
    00000860 3F                    2198 	.db #0x3f	; 63
    00000861 FF                    2199 	.db #0xff	; 255
    00000862 1F                    2200 	.db #0x1f	; 31
    00000863 FF                    2201 	.db #0xff	; 255
    00000864 3F                    2202 	.db #0x3f	; 63
    00000865 FF                    2203 	.db #0xff	; 255
    00000866 95                    2204 	.db #0x95	; 149
    00000867 7F                    2205 	.db #0x7f	; 127
    00000868 FF                    2206 	.db #0xff	; 255
    00000869 FF                    2207 	.db #0xff	; 255
    0000086A FF                    2208 	.db #0xff	; 255
    0000086B FF                    2209 	.db #0xff	; 255
    0000086C FF                    2210 	.db #0xff	; 255
    0000086D FF                    2211 	.db #0xff	; 255
    0000086E FF                    2212 	.db #0xff	; 255
    0000086F FF                    2213 	.db #0xff	; 255
    00000870 FF                    2214 	.db #0xff	; 255
    00000871 FF                    2215 	.db #0xff	; 255
    00000872 FF                    2216 	.db #0xff	; 255
    00000873 FF                    2217 	.db #0xff	; 255
    00000874 BF                    2218 	.db #0xbf	; 191
    00000875 FF                    2219 	.db #0xff	; 255
    00000876 7F                    2220 	.db #0x7f	; 127
    00000877 FF                    2221 	.db #0xff	; 255
    00000878 FF                    2222 	.db #0xff	; 255
    00000879 FF                    2223 	.db #0xff	; 255
    0000087A FF                    2224 	.db #0xff	; 255
    0000087B FF                    2225 	.db #0xff	; 255
    0000087C FF                    2226 	.db #0xff	; 255
    0000087D FF                    2227 	.db #0xff	; 255
    0000087E 7F                    2228 	.db #0x7f	; 127
    0000087F FF                    2229 	.db #0xff	; 255
    00000880 FF                    2230 	.db #0xff	; 255
    00000881 FF                    2231 	.db #0xff	; 255
    00000882 FF                    2232 	.db #0xff	; 255
    00000883 FF                    2233 	.db #0xff	; 255
    00000884 FF                    2234 	.db #0xff	; 255
    00000885 FF                    2235 	.db #0xff	; 255
    00000886 77                    2236 	.db #0x77	; 119	'w'
    00000887 FF                    2237 	.db #0xff	; 255
    00000888 FF                    2238 	.db #0xff	; 255
    00000889 FF                    2239 	.db #0xff	; 255
    0000088A FF                    2240 	.db #0xff	; 255
    0000088B FF                    2241 	.db #0xff	; 255
    0000088C FF                    2242 	.db #0xff	; 255
    0000088D FF                    2243 	.db #0xff	; 255
    0000088E FF                    2244 	.db #0xff	; 255
    0000088F FF                    2245 	.db #0xff	; 255
    00000890 FF                    2246 	.db #0xff	; 255
    00000891 FF                    2247 	.db #0xff	; 255
    00000892 FF                    2248 	.db #0xff	; 255
    00000893 FF                    2249 	.db #0xff	; 255
    00000894 FF                    2250 	.db #0xff	; 255
    00000895 FF                    2251 	.db #0xff	; 255
    00000896 7F                    2252 	.db #0x7f	; 127
    00000897 FF                    2253 	.db #0xff	; 255
    00000898 FC                    2254 	.db #0xfc	; 252
    00000899 FF                    2255 	.db #0xff	; 255
    0000089A FE                    2256 	.db #0xfe	; 254
    0000089B FF                    2257 	.db #0xff	; 255
    0000089C FF                    2258 	.db #0xff	; 255
    0000089D FF                    2259 	.db #0xff	; 255
    0000089E FF                    2260 	.db #0xff	; 255
    0000089F FF                    2261 	.db #0xff	; 255
    000008A0 FF                    2262 	.db #0xff	; 255
    000008A1 FF                    2263 	.db #0xff	; 255
    000008A2 FF                    2264 	.db #0xff	; 255
    000008A3 FF                    2265 	.db #0xff	; 255
    000008A4 FF                    2266 	.db #0xff	; 255
    000008A5 FF                    2267 	.db #0xff	; 255
    000008A6 FF                    2268 	.db #0xff	; 255
    000008A7 FF                    2269 	.db #0xff	; 255
    000008A8 BF                    2270 	.db #0xbf	; 191
    000008A9 FF                    2271 	.db #0xff	; 255
    000008AA 1F                    2272 	.db #0x1f	; 31
    000008AB FF                    2273 	.db #0xff	; 255
    000008AC EF                    2274 	.db #0xef	; 239
    000008AD FF                    2275 	.db #0xff	; 255
    000008AE FF                    2276 	.db #0xff	; 255
    000008AF FF                    2277 	.db #0xff	; 255
    000008B0 FF                    2278 	.db #0xff	; 255
    000008B1 FF                    2279 	.db #0xff	; 255
    000008B2 FF                    2280 	.db #0xff	; 255
    000008B3 FF                    2281 	.db #0xff	; 255
    000008B4 FF                    2282 	.db #0xff	; 255
    000008B5 FF                    2283 	.db #0xff	; 255
    000008B6 FF                    2284 	.db #0xff	; 255
    000008B7 FF                    2285 	.db #0xff	; 255
    000008B8 E2                    2286 	.db #0xe2	; 226
    000008B9 FF                    2287 	.db #0xff	; 255
    000008BA FD                    2288 	.db #0xfd	; 253
    000008BB FF                    2289 	.db #0xff	; 255
    000008BC FF                    2290 	.db #0xff	; 255
    000008BD FF                    2291 	.db #0xff	; 255
    000008BE FF                    2292 	.db #0xff	; 255
    000008BF FF                    2293 	.db #0xff	; 255
    000008C0 FF                    2294 	.db #0xff	; 255
    000008C1 FF                    2295 	.db #0xff	; 255
    000008C2 FF                    2296 	.db #0xff	; 255
    000008C3 FF                    2297 	.db #0xff	; 255
    000008C4 FF                    2298 	.db #0xff	; 255
    000008C5 FF                    2299 	.db #0xff	; 255
    000008C6 FF                    2300 	.db #0xff	; 255
    000008C7 FF                    2301 	.db #0xff	; 255
    000008C8 3F                    2302 	.db #0x3f	; 63
    000008C9 FE                    2303 	.db #0xfe	; 254
    000008CA 74                    2304 	.db #0x74	; 116	't'
    000008CB FF                    2305 	.db #0xff	; 255
    000008CC A2                    2306 	.db #0xa2	; 162
    000008CD FF                    2307 	.db #0xff	; 255
    000008CE 97                    2308 	.db #0x97	; 151
    000008CF FF                    2309 	.db #0xff	; 255
    000008D0 FF                    2310 	.db #0xff	; 255
    000008D1 FF                    2311 	.db #0xff	; 255
    000008D2 FF                    2312 	.db #0xff	; 255
    000008D3 FF                    2313 	.db #0xff	; 255
    000008D4 FF                    2314 	.db #0xff	; 255
    000008D5 FF                    2315 	.db #0xff	; 255
    000008D6 FF                    2316 	.db #0xff	; 255
    000008D7 FF                    2317 	.db #0xff	; 255
    000008D8 01                    2318 	.db #0x01	; 1
    000008D9 FE                    2319 	.db #0xfe	; 254
    000008DA 7B                    2320 	.db #0x7b	; 123
    000008DB C4                    2321 	.db #0xc4	; 196
    000008DC 50                    2322 	.db #0x50	; 80	'P'
    000008DD AF                    2323 	.db #0xaf	; 175
    000008DE 70                    2324 	.db #0x70	; 112	'p'
    000008DF 9F                    2325 	.db #0x9f	; 159
    000008E0 FE                    2326 	.db #0xfe	; 254
    000008E1 FF                    2327 	.db #0xff	; 255
    000008E2 FF                    2328 	.db #0xff	; 255
    000008E3 FF                    2329 	.db #0xff	; 255
    000008E4 FF                    2330 	.db #0xff	; 255
    000008E5 FF                    2331 	.db #0xff	; 255
    000008E6 FF                    2332 	.db #0xff	; 255
    000008E7 FF                    2333 	.db #0xff	; 255
    000008E8 7F                    2334 	.db #0x7f	; 127
    000008E9 FF                    2335 	.db #0xff	; 255
    000008EA 55                    2336 	.db #0x55	; 85	'U'
    000008EB FF                    2337 	.db #0xff	; 255
    000008EC EB                    2338 	.db #0xeb	; 235
    000008ED FF                    2339 	.db #0xff	; 255
    000008EE 51                    2340 	.db #0x51	; 81	'Q'
    000008EF FF                    2341 	.db #0xff	; 255
    000008F0 F8                    2342 	.db #0xf8	; 248
    000008F1 FF                    2343 	.db #0xff	; 255
    000008F2 D4                    2344 	.db #0xd4	; 212
    000008F3 FF                    2345 	.db #0xff	; 255
    000008F4 EB                    2346 	.db #0xeb	; 235
    000008F5 FF                    2347 	.db #0xff	; 255
    000008F6 F5                    2348 	.db #0xf5	; 245
    000008F7 FF                    2349 	.db #0xff	; 255
    000008F8 EF                    2350 	.db #0xef	; 239
    000008F9 FF                    2351 	.db #0xff	; 255
    000008FA D5                    2352 	.db #0xd5	; 213
    000008FB FF                    2353 	.db #0xff	; 255
    000008FC FF                    2354 	.db #0xff	; 255
    000008FD FF                    2355 	.db #0xff	; 255
    000008FE 55                    2356 	.db #0x55	; 85	'U'
    000008FF FF                    2357 	.db #0xff	; 255
    00000900 FF                    2358 	.db #0xff	; 255
    00000901 FF                    2359 	.db #0xff	; 255
    00000902 7D                    2360 	.db #0x7d	; 125
    00000903 FF                    2361 	.db #0xff	; 255
    00000904 AB                    2362 	.db #0xab	; 171
    00000905 FF                    2363 	.db #0xff	; 255
    00000906 20                    2364 	.db #0x20	; 32
    00000907 DF                    2365 	.db #0xdf	; 223
    00000908 E5                    2366 	.db #0xe5	; 229
    00000909 FA                    2367 	.db #0xfa	; 250
    0000090A EF                    2368 	.db #0xef	; 239
    0000090B F0                    2369 	.db #0xf0	; 240
    0000090C ED                    2370 	.db #0xed	; 237
    0000090D F2                    2371 	.db #0xf2	; 242
    0000090E 7F                    2372 	.db #0x7f	; 127
    0000090F F0                    2373 	.db #0xf0	; 240
    00000910 F5                    2374 	.db #0xf5	; 245
    00000911 FA                    2375 	.db #0xfa	; 250
    00000912 FF                    2376 	.db #0xff	; 255
    00000913 F0                    2377 	.db #0xf0	; 240
    00000914 F5                    2378 	.db #0xf5	; 245
    00000915 FA                    2379 	.db #0xfa	; 250
    00000916 17                    2380 	.db #0x17	; 23
    00000917 F8                    2381 	.db #0xf8	; 248
    00000918 50                    2382 	.db #0x50	; 80	'P'
    00000919 AF                    2383 	.db #0xaf	; 175
    0000091A F8                    2384 	.db #0xf8	; 248
    0000091B 07                    2385 	.db #0x07	; 7
    0000091C 5C                    2386 	.db #0x5c	; 92
    0000091D A3                    2387 	.db #0xa3	; 163
    0000091E F8                    2388 	.db #0xf8	; 248
    0000091F 07                    2389 	.db #0x07	; 7
    00000920 50                    2390 	.db #0x50	; 80	'P'
    00000921 AF                    2391 	.db #0xaf	; 175
    00000922 F0                    2392 	.db #0xf0	; 240
    00000923 1F                    2393 	.db #0x1f	; 31
    00000924 40                    2394 	.db #0x40	; 64
    00000925 BF                    2395 	.db #0xbf	; 191
    00000926 F8                    2396 	.db #0xf8	; 248
    00000927 07                    2397 	.db #0x07	; 7
    00000928 10                    2398 	.db #0x10	; 16
    00000929 EF                    2399 	.db #0xef	; 239
    0000092A 00                    2400 	.db #0x00	; 0
    0000092B FF                    2401 	.db #0xff	; 255
    0000092C 00                    2402 	.db #0x00	; 0
    0000092D FF                    2403 	.db #0xff	; 255
    0000092E A0                    2404 	.db #0xa0	; 160
    0000092F 5F                    2405 	.db #0x5f	; 95
    00000930 80                    2406 	.db #0x80	; 128
    00000931 FF                    2407 	.db #0xff	; 255
    00000932 42                    2408 	.db #0x42	; 66	'B'
    00000933 FD                    2409 	.db #0xfd	; 253
    00000934 00                    2410 	.db #0x00	; 0
    00000935 FF                    2411 	.db #0xff	; 255
    00000936 20                    2412 	.db #0x20	; 32
    00000937 DF                    2413 	.db #0xdf	; 223
    00000938 01                    2414 	.db #0x01	; 1
    00000939 FE                    2415 	.db #0xfe	; 254
    0000093A 2A                    2416 	.db #0x2a	; 42
    0000093B D5                    2417 	.db #0xd5	; 213
    0000093C 04                    2418 	.db #0x04	; 4
    0000093D FB                    2419 	.db #0xfb	; 251
    0000093E 2A                    2420 	.db #0x2a	; 42
    0000093F D5                    2421 	.db #0xd5	; 213
    00000940 11                    2422 	.db #0x11	; 17
    00000941 EE                    2423 	.db #0xee	; 238
    00000942 AA                    2424 	.db #0xaa	; 170
    00000943 55                    2425 	.db #0x55	; 85	'U'
    00000944 44                    2426 	.db #0x44	; 68	'D'
    00000945 BB                    2427 	.db #0xbb	; 187
    00000946 AA                    2428 	.db #0xaa	; 170
    00000947 55                    2429 	.db #0x55	; 85	'U'
    00000948 3C                    2430 	.db #0x3c	; 60
    00000949 FF                    2431 	.db #0xff	; 255
    0000094A 1C                    2432 	.db #0x1c	; 28
    0000094B FF                    2433 	.db #0xff	; 255
    0000094C 08                    2434 	.db #0x08	; 8
    0000094D FF                    2435 	.db #0xff	; 255
    0000094E 84                    2436 	.db #0x84	; 132
    0000094F 7F                    2437 	.db #0x7f	; 127
    00000950 03                    2438 	.db #0x03	; 3
    00000951 FF                    2439 	.db #0xff	; 255
    00000952 83                    2440 	.db #0x83	; 131
    00000953 7F                    2441 	.db #0x7f	; 127
    00000954 03                    2442 	.db #0x03	; 3
    00000955 FF                    2443 	.db #0xff	; 255
    00000956 83                    2444 	.db #0x83	; 131
    00000957 7F                    2445 	.db #0x7f	; 127
    00000958 FF                    2446 	.db #0xff	; 255
    00000959 FF                    2447 	.db #0xff	; 255
    0000095A 5F                    2448 	.db #0x5f	; 95
    0000095B FF                    2449 	.db #0xff	; 255
    0000095C 3F                    2450 	.db #0x3f	; 63
    0000095D FF                    2451 	.db #0xff	; 255
    0000095E 7F                    2452 	.db #0x7f	; 127
    0000095F FF                    2453 	.db #0xff	; 255
    00000960 FF                    2454 	.db #0xff	; 255
    00000961 FF                    2455 	.db #0xff	; 255
    00000962 FF                    2456 	.db #0xff	; 255
    00000963 FF                    2457 	.db #0xff	; 255
    00000964 FF                    2458 	.db #0xff	; 255
    00000965 FF                    2459 	.db #0xff	; 255
    00000966 F5                    2460 	.db #0xf5	; 245
    00000967 FF                    2461 	.db #0xff	; 255
    00000968 FF                    2462 	.db #0xff	; 255
    00000969 FF                    2463 	.db #0xff	; 255
    0000096A FD                    2464 	.db #0xfd	; 253
    0000096B FF                    2465 	.db #0xff	; 255
    0000096C FB                    2466 	.db #0xfb	; 251
    0000096D FF                    2467 	.db #0xff	; 255
    0000096E 55                    2468 	.db #0x55	; 85	'U'
    0000096F FF                    2469 	.db #0xff	; 255
    00000970 EF                    2470 	.db #0xef	; 239
    00000971 FF                    2471 	.db #0xff	; 255
    00000972 55                    2472 	.db #0x55	; 85	'U'
    00000973 FF                    2473 	.db #0xff	; 255
    00000974 BB                    2474 	.db #0xbb	; 187
    00000975 FF                    2475 	.db #0xff	; 255
    00000976 55                    2476 	.db #0x55	; 85	'U'
    00000977 FF                    2477 	.db #0xff	; 255
    00000978 FF                    2478 	.db #0xff	; 255
    00000979 FF                    2479 	.db #0xff	; 255
    0000097A DF                    2480 	.db #0xdf	; 223
    0000097B FF                    2481 	.db #0xff	; 255
    0000097C FF                    2482 	.db #0xff	; 255
    0000097D FF                    2483 	.db #0xff	; 255
    0000097E 57                    2484 	.db #0x57	; 87	'W'
    0000097F FF                    2485 	.db #0xff	; 255
    00000980 FF                    2486 	.db #0xff	; 255
    00000981 FF                    2487 	.db #0xff	; 255
    00000982 DF                    2488 	.db #0xdf	; 223
    00000983 FF                    2489 	.db #0xff	; 255
    00000984 FF                    2490 	.db #0xff	; 255
    00000985 FF                    2491 	.db #0xff	; 255
    00000986 77                    2492 	.db #0x77	; 119	'w'
    00000987 FF                    2493 	.db #0xff	; 255
    00000988 FF                    2494 	.db #0xff	; 255
    00000989 FF                    2495 	.db #0xff	; 255
    0000098A FF                    2496 	.db #0xff	; 255
    0000098B FF                    2497 	.db #0xff	; 255
    0000098C FF                    2498 	.db #0xff	; 255
    0000098D FF                    2499 	.db #0xff	; 255
    0000098E FF                    2500 	.db #0xff	; 255
    0000098F FF                    2501 	.db #0xff	; 255
    00000990 FF                    2502 	.db #0xff	; 255
    00000991 FF                    2503 	.db #0xff	; 255
    00000992 DF                    2504 	.db #0xdf	; 223
    00000993 FF                    2505 	.db #0xff	; 255
    00000994 F7                    2506 	.db #0xf7	; 247
    00000995 FF                    2507 	.db #0xff	; 255
    00000996 41                    2508 	.db #0x41	; 65	'A'
    00000997 FF                    2509 	.db #0xff	; 255
    00000998 FA                    2510 	.db #0xfa	; 250
    00000999 FF                    2511 	.db #0xff	; 255
    0000099A F4                    2512 	.db #0xf4	; 244
    0000099B FF                    2513 	.db #0xff	; 255
    0000099C FA                    2514 	.db #0xfa	; 250
    0000099D FF                    2515 	.db #0xff	; 255
    0000099E F8                    2516 	.db #0xf8	; 248
    0000099F FF                    2517 	.db #0xff	; 255
    000009A0 F8                    2518 	.db #0xf8	; 248
    000009A1 FF                    2519 	.db #0xff	; 255
    000009A2 FC                    2520 	.db #0xfc	; 252
    000009A3 FF                    2521 	.db #0xff	; 255
    000009A4 FE                    2522 	.db #0xfe	; 254
    000009A5 FF                    2523 	.db #0xff	; 255
    000009A6 FE                    2524 	.db #0xfe	; 254
    000009A7 FF                    2525 	.db #0xff	; 255
    000009A8 FD                    2526 	.db #0xfd	; 253
    000009A9 FE                    2527 	.db #0xfe	; 254
    000009AA FD                    2528 	.db #0xfd	; 253
    000009AB FE                    2529 	.db #0xfe	; 254
    000009AC FD                    2530 	.db #0xfd	; 253
    000009AD FE                    2531 	.db #0xfe	; 254
    000009AE 43                    2532 	.db #0x43	; 67	'C'
    000009AF FC                    2533 	.db #0xfc	; 252
    000009B0 E9                    2534 	.db #0xe9	; 233
    000009B1 FE                    2535 	.db #0xfe	; 254
    000009B2 FB                    2536 	.db #0xfb	; 251
    000009B3 F4                    2537 	.db #0xf4	; 244
    000009B4 E1                    2538 	.db #0xe1	; 225
    000009B5 FE                    2539 	.db #0xfe	; 254
    000009B6 8B                    2540 	.db #0x8b	; 139
    000009B7 74                    2541 	.db #0x74	; 116	't'
    000009B8 4B                    2542 	.db #0x4b	; 75	'K'
    000009B9 BC                    2543 	.db #0xbc	; 188
    000009BA EB                    2544 	.db #0xeb	; 235
    000009BB 1C                    2545 	.db #0x1c	; 28
    000009BC CB                    2546 	.db #0xcb	; 203
    000009BD 3C                    2547 	.db #0x3c	; 60
    000009BE E7                    2548 	.db #0xe7	; 231
    000009BF 1C                    2549 	.db #0x1c	; 28
    000009C0 55                    2550 	.db #0x55	; 85	'U'
    000009C1 AE                    2551 	.db #0xae	; 174
    000009C2 ED                    2552 	.db #0xed	; 237
    000009C3 16                    2553 	.db #0x16	; 22
    000009C4 C2                    2554 	.db #0xc2	; 194
    000009C5 3F                    2555 	.db #0x3f	; 63
    000009C6 A2                    2556 	.db #0xa2	; 162
    000009C7 5F                    2557 	.db #0x5f	; 95
    000009C8 51                    2558 	.db #0x51	; 81	'Q'
    000009C9 AE                    2559 	.db #0xae	; 174
    000009CA FF                    2560 	.db #0xff	; 255
    000009CB 00                    2561 	.db #0x00	; 0
    000009CC D0                    2562 	.db #0xd0	; 208
    000009CD 2F                    2563 	.db #0x2f	; 47
    000009CE A0                    2564 	.db #0xa0	; 160
    000009CF 5F                    2565 	.db #0x5f	; 95
    000009D0 20                    2566 	.db #0x20	; 32
    000009D1 FF                    2567 	.db #0xff	; 255
    000009D2 BE                    2568 	.db #0xbe	; 190
    000009D3 41                    2569 	.db #0x41	; 65	'A'
    000009D4 FC                    2570 	.db #0xfc	; 252
    000009D5 03                    2571 	.db #0x03	; 3
    000009D6 FA                    2572 	.db #0xfa	; 250
    000009D7 05                    2573 	.db #0x05	; 5
    000009D8 00                    2574 	.db #0x00	; 0
    000009D9 FF                    2575 	.db #0xff	; 255
    000009DA BA                    2576 	.db #0xba	; 186
    000009DB 45                    2577 	.db #0x45	; 69	'E'
    000009DC 00                    2578 	.db #0x00	; 0
    000009DD FF                    2579 	.db #0xff	; 255
    000009DE 10                    2580 	.db #0x10	; 16
    000009DF FF                    2581 	.db #0xff	; 255
    000009E0 01                    2582 	.db #0x01	; 1
    000009E1 FE                    2583 	.db #0xfe	; 254
    000009E2 A2                    2584 	.db #0xa2	; 162
    000009E3 5D                    2585 	.db #0x5d	; 93
    000009E4 41                    2586 	.db #0x41	; 65	'A'
    000009E5 BE                    2587 	.db #0xbe	; 190
    000009E6 02                    2588 	.db #0x02	; 2
    000009E7 FD                    2589 	.db #0xfd	; 253
    000009E8 01                    2590 	.db #0x01	; 1
    000009E9 FE                    2591 	.db #0xfe	; 254
    000009EA 2A                    2592 	.db #0x2a	; 42
    000009EB D5                    2593 	.db #0xd5	; 213
    000009EC 04                    2594 	.db #0x04	; 4
    000009ED FB                    2595 	.db #0xfb	; 251
    000009EE AA                    2596 	.db #0xaa	; 170
    000009EF 55                    2597 	.db #0x55	; 85	'U'
    000009F0 45                    2598 	.db #0x45	; 69	'E'
    000009F1 BA                    2599 	.db #0xba	; 186
    000009F2 AA                    2600 	.db #0xaa	; 170
    000009F3 55                    2601 	.db #0x55	; 85	'U'
    000009F4 54                    2602 	.db #0x54	; 84	'T'
    000009F5 AB                    2603 	.db #0xab	; 171
    000009F6 AA                    2604 	.db #0xaa	; 170
    000009F7 55                    2605 	.db #0x55	; 85	'U'
    000009F8 03                    2606 	.db #0x03	; 3
    000009F9 FF                    2607 	.db #0xff	; 255
    000009FA 87                    2608 	.db #0x87	; 135
    000009FB 7F                    2609 	.db #0x7f	; 127
    000009FC 03                    2610 	.db #0x03	; 3
    000009FD FF                    2611 	.db #0xff	; 255
    000009FE 87                    2612 	.db #0x87	; 135
    000009FF 7F                    2613 	.db #0x7f	; 127
    00000A00 0F                    2614 	.db #0x0f	; 15
    00000A01 FF                    2615 	.db #0xff	; 255
    00000A02 87                    2616 	.db #0x87	; 135
    00000A03 7F                    2617 	.db #0x7f	; 127
    00000A04 2F                    2618 	.db #0x2f	; 47
    00000A05 FF                    2619 	.db #0xff	; 255
    00000A06 17                    2620 	.db #0x17	; 23
    00000A07 FF                    2621 	.db #0xff	; 255
    00000A08 FF                    2622 	.db #0xff	; 255
    00000A09 FF                    2623 	.db #0xff	; 255
    00000A0A F5                    2624 	.db #0xf5	; 245
    00000A0B FF                    2625 	.db #0xff	; 255
    00000A0C FE                    2626 	.db #0xfe	; 254
    00000A0D FF                    2627 	.db #0xff	; 255
    00000A0E F5                    2628 	.db #0xf5	; 245
    00000A0F FF                    2629 	.db #0xff	; 255
    00000A10 FE                    2630 	.db #0xfe	; 254
    00000A11 FF                    2631 	.db #0xff	; 255
    00000A12 F5                    2632 	.db #0xf5	; 245
    00000A13 FF                    2633 	.db #0xff	; 255
    00000A14 FB                    2634 	.db #0xfb	; 251
    00000A15 FF                    2635 	.db #0xff	; 255
    00000A16 77                    2636 	.db #0x77	; 119	'w'
    00000A17 FF                    2637 	.db #0xff	; 255
    00000A18 FF                    2638 	.db #0xff	; 255
    00000A19 FF                    2639 	.db #0xff	; 255
    00000A1A 55                    2640 	.db #0x55	; 85	'U'
    00000A1B FF                    2641 	.db #0xff	; 255
    00000A1C AF                    2642 	.db #0xaf	; 175
    00000A1D FF                    2643 	.db #0xff	; 255
    00000A1E 54                    2644 	.db #0x54	; 84	'T'
    00000A1F FF                    2645 	.db #0xff	; 255
    00000A20 FE                    2646 	.db #0xfe	; 254
    00000A21 FF                    2647 	.db #0xff	; 255
    00000A22 55                    2648 	.db #0x55	; 85	'U'
    00000A23 FF                    2649 	.db #0xff	; 255
    00000A24 AA                    2650 	.db #0xaa	; 170
    00000A25 FF                    2651 	.db #0xff	; 255
    00000A26 40                    2652 	.db #0x40	; 64
    00000A27 FF                    2653 	.db #0xff	; 255
    00000A28 FE                    2654 	.db #0xfe	; 254
    00000A29 FF                    2655 	.db #0xff	; 255
    00000A2A D4                    2656 	.db #0xd4	; 212
    00000A2B FF                    2657 	.db #0xff	; 255
    00000A2C AA                    2658 	.db #0xaa	; 170
    00000A2D FF                    2659 	.db #0xff	; 255
    00000A2E 10                    2660 	.db #0x10	; 16
    00000A2F FF                    2661 	.db #0xff	; 255
    00000A30 A8                    2662 	.db #0xa8	; 168
    00000A31 FF                    2663 	.db #0xff	; 255
    00000A32 40                    2664 	.db #0x40	; 64
    00000A33 FF                    2665 	.db #0xff	; 255
    00000A34 20                    2666 	.db #0x20	; 32
    00000A35 FF                    2667 	.db #0xff	; 255
    00000A36 00                    2668 	.db #0x00	; 0
    00000A37 FF                    2669 	.db #0xff	; 255
    00000A38 E8                    2670 	.db #0xe8	; 232
    00000A39 FF                    2671 	.db #0xff	; 255
    00000A3A 40                    2672 	.db #0x40	; 64
    00000A3B FF                    2673 	.db #0xff	; 255
    00000A3C 20                    2674 	.db #0x20	; 32
    00000A3D FF                    2675 	.db #0xff	; 255
    00000A3E 00                    2676 	.db #0x00	; 0
    00000A3F FF                    2677 	.db #0xff	; 255
    00000A40 08                    2678 	.db #0x08	; 8
    00000A41 FF                    2679 	.db #0xff	; 255
    00000A42 00                    2680 	.db #0x00	; 0
    00000A43 FF                    2681 	.db #0xff	; 255
    00000A44 00                    2682 	.db #0x00	; 0
    00000A45 FF                    2683 	.db #0xff	; 255
    00000A46 00                    2684 	.db #0x00	; 0
    00000A47 FF                    2685 	.db #0xff	; 255
    00000A48 FF                    2686 	.db #0xff	; 255
    00000A49 FF                    2687 	.db #0xff	; 255
    00000A4A 7F                    2688 	.db #0x7f	; 127
    00000A4B FF                    2689 	.db #0xff	; 255
    00000A4C 1F                    2690 	.db #0x1f	; 31
    00000A4D FF                    2691 	.db #0xff	; 255
    00000A4E 0F                    2692 	.db #0x0f	; 15
    00000A4F FF                    2693 	.db #0xff	; 255
    00000A50 87                    2694 	.db #0x87	; 135
    00000A51 FF                    2695 	.db #0xff	; 255
    00000A52 03                    2696 	.db #0x03	; 3
    00000A53 FF                    2697 	.db #0xff	; 255
    00000A54 01                    2698 	.db #0x01	; 1
    00000A55 FF                    2699 	.db #0xff	; 255
    00000A56 00                    2700 	.db #0x00	; 0
    00000A57 FF                    2701 	.db #0xff	; 255
    00000A58 57                    2702 	.db #0x57	; 87	'W'
    00000A59 A8                    2703 	.db #0xa8	; 168
    00000A5A FF                    2704 	.db #0xff	; 255
    00000A5B FF                    2705 	.db #0xff	; 255
    00000A5C FF                    2706 	.db #0xff	; 255
    00000A5D FF                    2707 	.db #0xff	; 255
    00000A5E FF                    2708 	.db #0xff	; 255
    00000A5F FF                    2709 	.db #0xff	; 255
    00000A60 FF                    2710 	.db #0xff	; 255
    00000A61 FF                    2711 	.db #0xff	; 255
    00000A62 FF                    2712 	.db #0xff	; 255
    00000A63 FF                    2713 	.db #0xff	; 255
    00000A64 FF                    2714 	.db #0xff	; 255
    00000A65 FF                    2715 	.db #0xff	; 255
    00000A66 FF                    2716 	.db #0xff	; 255
    00000A67 FF                    2717 	.db #0xff	; 255
    00000A68 12                    2718 	.db #0x12	; 18
    00000A69 EF                    2719 	.db #0xef	; 239
    00000A6A FC                    2720 	.db #0xfc	; 252
    00000A6B FF                    2721 	.db #0xff	; 255
    00000A6C FF                    2722 	.db #0xff	; 255
    00000A6D FF                    2723 	.db #0xff	; 255
    00000A6E FF                    2724 	.db #0xff	; 255
    00000A6F FF                    2725 	.db #0xff	; 255
    00000A70 FF                    2726 	.db #0xff	; 255
    00000A71 FF                    2727 	.db #0xff	; 255
    00000A72 FF                    2728 	.db #0xff	; 255
    00000A73 FF                    2729 	.db #0xff	; 255
    00000A74 FF                    2730 	.db #0xff	; 255
    00000A75 FF                    2731 	.db #0xff	; 255
    00000A76 FF                    2732 	.db #0xff	; 255
    00000A77 FF                    2733 	.db #0xff	; 255
    00000A78 F4                    2734 	.db #0xf4	; 244
    00000A79 0B                    2735 	.db #0x0b	; 11
    00000A7A FE                    2736 	.db #0xfe	; 254
    00000A7B 01                    2737 	.db #0x01	; 1
    00000A7C 7F                    2738 	.db #0x7f	; 127
    00000A7D 80                    2739 	.db #0x80	; 128
    00000A7E BF                    2740 	.db #0xbf	; 191
    00000A7F C0                    2741 	.db #0xc0	; 192
    00000A80 D5                    2742 	.db #0xd5	; 213
    00000A81 EA                    2743 	.db #0xea	; 234
    00000A82 EE                    2744 	.db #0xee	; 238
    00000A83 D1                    2745 	.db #0xd1	; 209
    00000A84 E4                    2746 	.db #0xe4	; 228
    00000A85 FB                    2747 	.db #0xfb	; 251
    00000A86 F8                    2748 	.db #0xf8	; 248
    00000A87 F7                    2749 	.db #0xf7	; 247
    00000A88 81                    2750 	.db #0x81	; 129
    00000A89 FE                    2751 	.db #0xfe	; 254
    00000A8A 2A                    2752 	.db #0x2a	; 42
    00000A8B D5                    2753 	.db #0xd5	; 213
    00000A8C F4                    2754 	.db #0xf4	; 244
    00000A8D 0B                    2755 	.db #0x0b	; 11
    00000A8E F8                    2756 	.db #0xf8	; 248
    00000A8F 07                    2757 	.db #0x07	; 7
    00000A90 70                    2758 	.db #0x70	; 112	'p'
    00000A91 8F                    2759 	.db #0x8f	; 143
    00000A92 60                    2760 	.db #0x60	; 96
    00000A93 9F                    2761 	.db #0x9f	; 159
    00000A94 40                    2762 	.db #0x40	; 64
    00000A95 BF                    2763 	.db #0xbf	; 191
    00000A96 00                    2764 	.db #0x00	; 0
    00000A97 FF                    2765 	.db #0xff	; 255
    00000A98 10                    2766 	.db #0x10	; 16
    00000A99 EF                    2767 	.db #0xef	; 239
    00000A9A A0                    2768 	.db #0xa0	; 160
    00000A9B 5F                    2769 	.db #0x5f	; 95
    00000A9C 00                    2770 	.db #0x00	; 0
    00000A9D FF                    2771 	.db #0xff	; 255
    00000A9E 89                    2772 	.db #0x89	; 137
    00000A9F 77                    2773 	.db #0x77	; 119	'w'
    00000AA0 02                    2774 	.db #0x02	; 2
    00000AA1 FF                    2775 	.db #0xff	; 255
    00000AA2 04                    2776 	.db #0x04	; 4
    00000AA3 FF                    2777 	.db #0xff	; 255
    00000AA4 3A                    2778 	.db #0x3a	; 58
    00000AA5 FF                    2779 	.db #0xff	; 255
    00000AA6 11                    2780 	.db #0x11	; 17
    00000AA7 FF                    2781 	.db #0xff	; 255
    00000AA8 AF                    2782 	.db #0xaf	; 175
    00000AA9 FF                    2783 	.db #0xff	; 255
    00000AAA 5F                    2784 	.db #0x5f	; 95
    00000AAB FF                    2785 	.db #0xff	; 255
    00000AAC BF                    2786 	.db #0xbf	; 191
    00000AAD FF                    2787 	.db #0xff	; 255
    00000AAE 57                    2788 	.db #0x57	; 87	'W'
    00000AAF FF                    2789 	.db #0xff	; 255
    00000AB0 BF                    2790 	.db #0xbf	; 191
    00000AB1 FF                    2791 	.db #0xff	; 255
    00000AB2 5F                    2792 	.db #0x5f	; 95
    00000AB3 FF                    2793 	.db #0xff	; 255
    00000AB4 BF                    2794 	.db #0xbf	; 191
    00000AB5 FF                    2795 	.db #0xff	; 255
    00000AB6 55                    2796 	.db #0x55	; 85	'U'
    00000AB7 FF                    2797 	.db #0xff	; 255
    00000AB8 FF                    2798 	.db #0xff	; 255
    00000AB9 FF                    2799 	.db #0xff	; 255
    00000ABA DD                    2800 	.db #0xdd	; 221
    00000ABB FF                    2801 	.db #0xff	; 255
    00000ABC FA                    2802 	.db #0xfa	; 250
    00000ABD FF                    2803 	.db #0xff	; 255
    00000ABE 70                    2804 	.db #0x70	; 112	'p'
    00000ABF FF                    2805 	.db #0xff	; 255
    00000AC0 F8                    2806 	.db #0xf8	; 248
    00000AC1 FF                    2807 	.db #0xff	; 255
    00000AC2 D0                    2808 	.db #0xd0	; 208
    00000AC3 FF                    2809 	.db #0xff	; 255
    00000AC4 E2                    2810 	.db #0xe2	; 226
    00000AC5 FF                    2811 	.db #0xff	; 255
    00000AC6 40                    2812 	.db #0x40	; 64
    00000AC7 FF                    2813 	.db #0xff	; 255
    00000AC8 A8                    2814 	.db #0xa8	; 168
    00000AC9 FF                    2815 	.db #0xff	; 255
    00000ACA 40                    2816 	.db #0x40	; 64
    00000ACB FF                    2817 	.db #0xff	; 255
    00000ACC A2                    2818 	.db #0xa2	; 162
    00000ACD FF                    2819 	.db #0xff	; 255
    00000ACE 41                    2820 	.db #0x41	; 65	'A'
    00000ACF FF                    2821 	.db #0xff	; 255
    00000AD0 AE                    2822 	.db #0xae	; 174
    00000AD1 FF                    2823 	.db #0xff	; 255
    00000AD2 10                    2824 	.db #0x10	; 16
    00000AD3 FF                    2825 	.db #0xff	; 255
    00000AD4 00                    2826 	.db #0x00	; 0
    00000AD5 FF                    2827 	.db #0xff	; 255
    00000AD6 00                    2828 	.db #0x00	; 0
    00000AD7 FF                    2829 	.db #0xff	; 255
    00000AD8 80                    2830 	.db #0x80	; 128
    00000AD9 FF                    2831 	.db #0xff	; 255
    00000ADA 40                    2832 	.db #0x40	; 64
    00000ADB FF                    2833 	.db #0xff	; 255
    00000ADC A0                    2834 	.db #0xa0	; 160
    00000ADD FF                    2835 	.db #0xff	; 255
    00000ADE 00                    2836 	.db #0x00	; 0
    00000ADF FF                    2837 	.db #0xff	; 255
    00000AE0 0A                    2838 	.db #0x0a	; 10
    00000AE1 FF                    2839 	.db #0xff	; 255
    00000AE2 00                    2840 	.db #0x00	; 0
    00000AE3 FF                    2841 	.db #0xff	; 255
    00000AE4 22                    2842 	.db #0x22	; 34
    00000AE5 FF                    2843 	.db #0xff	; 255
    00000AE6 00                    2844 	.db #0x00	; 0
    00000AE7 FF                    2845 	.db #0xff	; 255
    00000AE8 0A                    2846 	.db #0x0a	; 10
    00000AE9 FF                    2847 	.db #0xff	; 255
    00000AEA 00                    2848 	.db #0x00	; 0
    00000AEB FF                    2849 	.db #0xff	; 255
    00000AEC 00                    2850 	.db #0x00	; 0
    00000AED FF                    2851 	.db #0xff	; 255
    00000AEE 00                    2852 	.db #0x00	; 0
    00000AEF FF                    2853 	.db #0xff	; 255
    00000AF0 02                    2854 	.db #0x02	; 2
    00000AF1 FF                    2855 	.db #0xff	; 255
    00000AF2 05                    2856 	.db #0x05	; 5
    00000AF3 FF                    2857 	.db #0xff	; 255
    00000AF4 02                    2858 	.db #0x02	; 2
    00000AF5 FF                    2859 	.db #0xff	; 255
    00000AF6 00                    2860 	.db #0x00	; 0
    00000AF7 FF                    2861 	.db #0xff	; 255
    00000AF8 EA                    2862 	.db #0xea	; 234
    00000AF9 FF                    2863 	.db #0xff	; 255
    00000AFA 04                    2864 	.db #0x04	; 4
    00000AFB FF                    2865 	.db #0xff	; 255
    00000AFC 3E                    2866 	.db #0x3e	; 62
    00000AFD FF                    2867 	.db #0xff	; 255
    00000AFE 74                    2868 	.db #0x74	; 116	't'
    00000AFF FF                    2869 	.db #0xff	; 255
    00000B00 FE                    2870 	.db #0xfe	; 254
    00000B01 FF                    2871 	.db #0xff	; 255
    00000B02 5D                    2872 	.db #0x5d	; 93
    00000B03 FF                    2873 	.db #0xff	; 255
    00000B04 BB                    2874 	.db #0xbb	; 187
    00000B05 FF                    2875 	.db #0xff	; 255
    00000B06 17                    2876 	.db #0x17	; 23
    00000B07 FF                    2877 	.db #0xff	; 255
    00000B08 FF                    2878 	.db #0xff	; 255
    00000B09 FF                    2879 	.db #0xff	; 255
    00000B0A 7F                    2880 	.db #0x7f	; 127
    00000B0B FF                    2881 	.db #0xff	; 255
    00000B0C BF                    2882 	.db #0xbf	; 191
    00000B0D FF                    2883 	.db #0xff	; 255
    00000B0E 5F                    2884 	.db #0x5f	; 95
    00000B0F FF                    2885 	.db #0xff	; 255
    00000B10 FF                    2886 	.db #0xff	; 255
    00000B11 FF                    2887 	.db #0xff	; 255
    00000B12 57                    2888 	.db #0x57	; 87	'W'
    00000B13 FF                    2889 	.db #0xff	; 255
    00000B14 FB                    2890 	.db #0xfb	; 251
    00000B15 FF                    2891 	.db #0xff	; 255
    00000B16 75                    2892 	.db #0x75	; 117	'u'
    00000B17 FF                    2893 	.db #0xff	; 255
    00000B18 AA                    2894 	.db #0xaa	; 170
    00000B19 FF                    2895 	.db #0xff	; 255
    00000B1A F4                    2896 	.db #0xf4	; 244
    00000B1B FF                    2897 	.db #0xff	; 255
    00000B1C FA                    2898 	.db #0xfa	; 250
    00000B1D FF                    2899 	.db #0xff	; 255
    00000B1E FF                    2900 	.db #0xff	; 255
    00000B1F FF                    2901 	.db #0xff	; 255
    00000B20 FF                    2902 	.db #0xff	; 255
    00000B21 FF                    2903 	.db #0xff	; 255
    00000B22 FF                    2904 	.db #0xff	; 255
    00000B23 FF                    2905 	.db #0xff	; 255
    00000B24 FF                    2906 	.db #0xff	; 255
    00000B25 FF                    2907 	.db #0xff	; 255
    00000B26 FF                    2908 	.db #0xff	; 255
    00000B27 FF                    2909 	.db #0xff	; 255
    00000B28 FF                    2910 	.db #0xff	; 255
    00000B29 FF                    2911 	.db #0xff	; 255
    00000B2A 5D                    2912 	.db #0x5d	; 93
    00000B2B FF                    2913 	.db #0xff	; 255
    00000B2C BF                    2914 	.db #0xbf	; 191
    00000B2D FF                    2915 	.db #0xff	; 255
    00000B2E D5                    2916 	.db #0xd5	; 213
    00000B2F FF                    2917 	.db #0xff	; 255
    00000B30 FF                    2918 	.db #0xff	; 255
    00000B31 FF                    2919 	.db #0xff	; 255
    00000B32 FD                    2920 	.db #0xfd	; 253
    00000B33 FF                    2921 	.db #0xff	; 255
    00000B34 FF                    2922 	.db #0xff	; 255
    00000B35 FF                    2923 	.db #0xff	; 255
    00000B36 FD                    2924 	.db #0xfd	; 253
    00000B37 FF                    2925 	.db #0xff	; 255
    00000B38 AA                    2926 	.db #0xaa	; 170
    00000B39 FF                    2927 	.db #0xff	; 255
    00000B3A 44                    2928 	.db #0x44	; 68	'D'
    00000B3B FF                    2929 	.db #0xff	; 255
    00000B3C AA                    2930 	.db #0xaa	; 170
    00000B3D FF                    2931 	.db #0xff	; 255
    00000B3E 54                    2932 	.db #0x54	; 84	'T'
    00000B3F FF                    2933 	.db #0xff	; 255
    00000B40 AE                    2934 	.db #0xae	; 174
    00000B41 FF                    2935 	.db #0xff	; 255
    00000B42 55                    2936 	.db #0x55	; 85	'U'
    00000B43 FF                    2937 	.db #0xff	; 255
    00000B44 BA                    2938 	.db #0xba	; 186
    00000B45 FF                    2939 	.db #0xff	; 255
    00000B46 54                    2940 	.db #0x54	; 84	'T'
    00000B47 FF                    2941 	.db #0xff	; 255
    00000B48 A0                    2942 	.db #0xa0	; 160
    00000B49 FF                    2943 	.db #0xff	; 255
    00000B4A 00                    2944 	.db #0x00	; 0
    00000B4B FF                    2945 	.db #0xff	; 255
    00000B4C 02                    2946 	.db #0x02	; 2
    00000B4D FF                    2947 	.db #0xff	; 255
    00000B4E 00                    2948 	.db #0x00	; 0
    00000B4F FF                    2949 	.db #0xff	; 255
    00000B50 0E                    2950 	.db #0x0e	; 14
    00000B51 FF                    2951 	.db #0xff	; 255
    00000B52 21                    2952 	.db #0x21	; 33
    00000B53 DF                    2953 	.db #0xdf	; 223
    00000B54 03                    2954 	.db #0x03	; 3
    00000B55 FF                    2955 	.db #0xff	; 255
    00000B56 01                    2956 	.db #0x01	; 1
    00000B57 FF                    2957 	.db #0xff	; 255
    00000B58 A8                    2958 	.db #0xa8	; 168
    00000B59 FF                    2959 	.db #0xff	; 255
    00000B5A 00                    2960 	.db #0x00	; 0
    00000B5B FF                    2961 	.db #0xff	; 255
    00000B5C 2B                    2962 	.db #0x2b	; 43
    00000B5D FF                    2963 	.db #0xff	; 255
    00000B5E 55                    2964 	.db #0x55	; 85	'U'
    00000B5F FF                    2965 	.db #0xff	; 255
    00000B60 FE                    2966 	.db #0xfe	; 254
    00000B61 FF                    2967 	.db #0xff	; 255
    00000B62 FD                    2968 	.db #0xfd	; 253
    00000B63 FF                    2969 	.db #0xff	; 255
    00000B64 FB                    2970 	.db #0xfb	; 251
    00000B65 FF                    2971 	.db #0xff	; 255
    00000B66 5D                    2972 	.db #0x5d	; 93
    00000B67 FF                    2973 	.db #0xff	; 255
    00000B68 A8                    2974 	.db #0xa8	; 168
    00000B69 FF                    2975 	.db #0xff	; 255
    00000B6A 40                    2976 	.db #0x40	; 64
    00000B6B FF                    2977 	.db #0xff	; 255
    00000B6C A8                    2978 	.db #0xa8	; 168
    00000B6D FF                    2979 	.db #0xff	; 255
    00000B6E 01                    2980 	.db #0x01	; 1
    00000B6F FF                    2981 	.db #0xff	; 255
    00000B70 EE                    2982 	.db #0xee	; 238
    00000B71 FF                    2983 	.db #0xff	; 255
    00000B72 44                    2984 	.db #0x44	; 68	'D'
    00000B73 FF                    2985 	.db #0xff	; 255
    00000B74 BA                    2986 	.db #0xba	; 186
    00000B75 FF                    2987 	.db #0xff	; 255
    00000B76 75                    2988 	.db #0x75	; 117	'u'
    00000B77 FF                    2989 	.db #0xff	; 255
    00000B78 6F                    2990 	.db #0x6f	; 111	'o'
    00000B79 FF                    2991 	.db #0xff	; 255
    00000B7A 47                    2992 	.db #0x47	; 71	'G'
    00000B7B FF                    2993 	.db #0xff	; 255
    00000B7C AF                    2994 	.db #0xaf	; 175
    00000B7D FF                    2995 	.db #0xff	; 255
    00000B7E 1F                    2996 	.db #0x1f	; 31
    00000B7F FF                    2997 	.db #0xff	; 255
    00000B80 BE                    2998 	.db #0xbe	; 190
    00000B81 FF                    2999 	.db #0xff	; 255
    00000B82 54                    3000 	.db #0x54	; 84	'T'
    00000B83 FF                    3001 	.db #0xff	; 255
    00000B84 EA                    3002 	.db #0xea	; 234
    00000B85 FF                    3003 	.db #0xff	; 255
    00000B86 40                    3004 	.db #0x40	; 64
    00000B87 FF                    3005 	.db #0xff	; 255
    00000B88 FF                    3006 	.db #0xff	; 255
    00000B89 FF                    3007 	.db #0xff	; 255
    00000B8A 55                    3008 	.db #0x55	; 85	'U'
    00000B8B FF                    3009 	.db #0xff	; 255
    00000B8C AB                    3010 	.db #0xab	; 171
    00000B8D FF                    3011 	.db #0xff	; 255
    00000B8E 44                    3012 	.db #0x44	; 68	'D'
    00000B8F FF                    3013 	.db #0xff	; 255
    00000B90 AA                    3014 	.db #0xaa	; 170
    00000B91 FF                    3015 	.db #0xff	; 255
    00000B92 54                    3016 	.db #0x54	; 84	'T'
    00000B93 FF                    3017 	.db #0xff	; 255
    00000B94 6A                    3018 	.db #0x6a	; 106	'j'
    00000B95 FF                    3019 	.db #0xff	; 255
    00000B96 55                    3020 	.db #0x55	; 85	'U'
    00000B97 FF                    3021 	.db #0xff	; 255
    00000B98 FF                    3022 	.db #0xff	; 255
    00000B99 FF                    3023 	.db #0xff	; 255
    00000B9A FF                    3024 	.db #0xff	; 255
    00000B9B FF                    3025 	.db #0xff	; 255
    00000B9C FF                    3026 	.db #0xff	; 255
    00000B9D FF                    3027 	.db #0xff	; 255
    00000B9E FF                    3028 	.db #0xff	; 255
    00000B9F FF                    3029 	.db #0xff	; 255
    00000BA0 FF                    3030 	.db #0xff	; 255
    00000BA1 FF                    3031 	.db #0xff	; 255
    00000BA2 7F                    3032 	.db #0x7f	; 127
    00000BA3 FF                    3033 	.db #0xff	; 255
    00000BA4 3F                    3034 	.db #0x3f	; 63
    00000BA5 FF                    3035 	.db #0xff	; 255
    00000BA6 3F                    3036 	.db #0x3f	; 63
    00000BA7 FF                    3037 	.db #0xff	; 255
    00000BA8 FE                    3038 	.db #0xfe	; 254
    00000BA9 FF                    3039 	.db #0xff	; 255
    00000BAA FD                    3040 	.db #0xfd	; 253
    00000BAB FF                    3041 	.db #0xff	; 255
    00000BAC FF                    3042 	.db #0xff	; 255
    00000BAD FF                    3043 	.db #0xff	; 255
    00000BAE FD                    3044 	.db #0xfd	; 253
    00000BAF FF                    3045 	.db #0xff	; 255
    00000BB0 FE                    3046 	.db #0xfe	; 254
    00000BB1 FF                    3047 	.db #0xff	; 255
    00000BB2 FD                    3048 	.db #0xfd	; 253
    00000BB3 FF                    3049 	.db #0xff	; 255
    00000BB4 FA                    3050 	.db #0xfa	; 250
    00000BB5 FF                    3051 	.db #0xff	; 255
    00000BB6 F8                    3052 	.db #0xf8	; 248
    00000BB7 FF                    3053 	.db #0xff	; 255
    00000BB8 FE                    3054 	.db #0xfe	; 254
    00000BB9 FF                    3055 	.db #0xff	; 255
    00000BBA 54                    3056 	.db #0x54	; 84	'T'
    00000BBB FF                    3057 	.db #0xff	; 255
    00000BBC BE                    3058 	.db #0xbe	; 190
    00000BBD FF                    3059 	.db #0xff	; 255
    00000BBE 15                    3060 	.db #0x15	; 21
    00000BBF FF                    3061 	.db #0xff	; 255
    00000BC0 AB                    3062 	.db #0xab	; 171
    00000BC1 FF                    3063 	.db #0xff	; 255
    00000BC2 05                    3064 	.db #0x05	; 5
    00000BC3 FF                    3065 	.db #0xff	; 255
    00000BC4 2B                    3066 	.db #0x2b	; 43
    00000BC5 FF                    3067 	.db #0xff	; 255
    00000BC6 01                    3068 	.db #0x01	; 1
    00000BC7 FF                    3069 	.db #0xff	; 255
    00000BC8 82                    3070 	.db #0x82	; 130
    00000BC9 FF                    3071 	.db #0xff	; 255
    00000BCA 25                    3072 	.db #0x25	; 37
    00000BCB DF                    3073 	.db #0xdf	; 223
    00000BCC 01                    3074 	.db #0x01	; 1
    00000BCD FF                    3075 	.db #0xff	; 255
    00000BCE 47                    3076 	.db #0x47	; 71	'G'
    00000BCF FF                    3077 	.db #0xff	; 255
    00000BD0 EF                    3078 	.db #0xef	; 239
    00000BD1 FE                    3079 	.db #0xfe	; 254
    00000BD2 CE                    3080 	.db #0xce	; 206
    00000BD3 FD                    3081 	.db #0xfd	; 253
    00000BD4 B8                    3082 	.db #0xb8	; 184
    00000BD5 FF                    3083 	.db #0xff	; 255
    00000BD6 73                    3084 	.db #0x73	; 115	's'
    00000BD7 FC                    3085 	.db #0xfc	; 252
    00000BD8 FF                    3086 	.db #0xff	; 255
    00000BD9 FF                    3087 	.db #0xff	; 255
    00000BDA 7F                    3088 	.db #0x7f	; 127
    00000BDB FF                    3089 	.db #0xff	; 255
    00000BDC FF                    3090 	.db #0xff	; 255
    00000BDD FF                    3091 	.db #0xff	; 255
    00000BDE AB                    3092 	.db #0xab	; 171
    00000BDF 57                    3093 	.db #0x57	; 87	'W'
    00000BE0 54                    3094 	.db #0x54	; 84	'T'
    00000BE1 AB                    3095 	.db #0xab	; 171
    00000BE2 18                    3096 	.db #0x18	; 24
    00000BE3 FF                    3097 	.db #0xff	; 255
    00000BE4 F2                    3098 	.db #0xf2	; 242
    00000BE5 0F                    3099 	.db #0x0f	; 15
    00000BE6 E8                    3100 	.db #0xe8	; 232
    00000BE7 17                    3101 	.db #0x17	; 23
    00000BE8 FF                    3102 	.db #0xff	; 255
    00000BE9 FF                    3103 	.db #0xff	; 255
    00000BEA DD                    3104 	.db #0xdd	; 221
    00000BEB FF                    3105 	.db #0xff	; 255
    00000BEC FF                    3106 	.db #0xff	; 255
    00000BED FF                    3107 	.db #0xff	; 255
    00000BEE FF                    3108 	.db #0xff	; 255
    00000BEF FF                    3109 	.db #0xff	; 255
    00000BF0 FF                    3110 	.db #0xff	; 255
    00000BF1 FF                    3111 	.db #0xff	; 255
    00000BF2 80                    3112 	.db #0x80	; 128
    00000BF3 7F                    3113 	.db #0x7f	; 127
    00000BF4 10                    3114 	.db #0x10	; 16
    00000BF5 EF                    3115 	.db #0xef	; 239
    00000BF6 38                    3116 	.db #0x38	; 56	'8'
    00000BF7 C7                    3117 	.db #0xc7	; 199
    00000BF8 E8                    3118 	.db #0xe8	; 232
    00000BF9 FF                    3119 	.db #0xff	; 255
    00000BFA 5C                    3120 	.db #0x5c	; 92
    00000BFB FF                    3121 	.db #0xff	; 255
    00000BFC F8                    3122 	.db #0xf8	; 248
    00000BFD FF                    3123 	.db #0xff	; 255
    00000BFE C0                    3124 	.db #0xc0	; 192
    00000BFF FF                    3125 	.db #0xff	; 255
    00000C00 FF                    3126 	.db #0xff	; 255
    00000C01 FF                    3127 	.db #0xff	; 255
    00000C02 70                    3128 	.db #0x70	; 112	'p'
    00000C03 FF                    3129 	.db #0xff	; 255
    00000C04 A0                    3130 	.db #0xa0	; 160
    00000C05 FF                    3131 	.db #0xff	; 255
    00000C06 00                    3132 	.db #0x00	; 0
    00000C07 FF                    3133 	.db #0xff	; 255
    00000C08 7F                    3134 	.db #0x7f	; 127
    00000C09 FF                    3135 	.db #0xff	; 255
    00000C0A 75                    3136 	.db #0x75	; 117	'u'
    00000C0B FF                    3137 	.db #0xff	; 255
    00000C0C 3B                    3138 	.db #0x3b	; 59
    00000C0D FF                    3139 	.db #0xff	; 255
    00000C0E 37                    3140 	.db #0x37	; 55	'7'
    00000C0F FF                    3141 	.db #0xff	; 255
    00000C10 BF                    3142 	.db #0xbf	; 191
    00000C11 FF                    3143 	.db #0xff	; 255
    00000C12 5F                    3144 	.db #0x5f	; 95
    00000C13 FF                    3145 	.db #0xff	; 255
    00000C14 3F                    3146 	.db #0x3f	; 63
    00000C15 FF                    3147 	.db #0xff	; 255
    00000C16 1F                    3148 	.db #0x1f	; 31
    00000C17 FF                    3149 	.db #0xff	; 255
    00000C18 BF                    3150 	.db #0xbf	; 191
    00000C19 FF                    3151 	.db #0xff	; 255
    00000C1A 1F                    3152 	.db #0x1f	; 31
    00000C1B FF                    3153 	.db #0xff	; 255
    00000C1C 9F                    3154 	.db #0x9f	; 159
    00000C1D FF                    3155 	.db #0xff	; 255
    00000C1E 1F                    3156 	.db #0x1f	; 31
    00000C1F FF                    3157 	.db #0xff	; 255
    00000C20 CF                    3158 	.db #0xcf	; 207
    00000C21 FF                    3159 	.db #0xff	; 255
    00000C22 CF                    3160 	.db #0xcf	; 207
    00000C23 FF                    3161 	.db #0xff	; 255
    00000C24 EF                    3162 	.db #0xef	; 239
    00000C25 FF                    3163 	.db #0xff	; 255
    00000C26 47                    3164 	.db #0x47	; 71	'G'
    00000C27 FF                    3165 	.db #0xff	; 255
    00000C28 FE                    3166 	.db #0xfe	; 254
    00000C29 FF                    3167 	.db #0xff	; 255
    00000C2A F5                    3168 	.db #0xf5	; 245
    00000C2B FF                    3169 	.db #0xff	; 255
    00000C2C FB                    3170 	.db #0xfb	; 251
    00000C2D FF                    3171 	.db #0xff	; 255
    00000C2E F5                    3172 	.db #0xf5	; 245
    00000C2F FF                    3173 	.db #0xff	; 255
    00000C30 FE                    3174 	.db #0xfe	; 254
    00000C31 FF                    3175 	.db #0xff	; 255
    00000C32 F5                    3176 	.db #0xf5	; 245
    00000C33 FF                    3177 	.db #0xff	; 255
    00000C34 FF                    3178 	.db #0xff	; 255
    00000C35 FF                    3179 	.db #0xff	; 255
    00000C36 F7                    3180 	.db #0xf7	; 247
    00000C37 FF                    3181 	.db #0xff	; 255
    00000C38 8E                    3182 	.db #0x8e	; 142
    00000C39 FF                    3183 	.db #0xff	; 255
    00000C3A 44                    3184 	.db #0x44	; 68	'D'
    00000C3B FF                    3185 	.db #0xff	; 255
    00000C3C FA                    3186 	.db #0xfa	; 250
    00000C3D FF                    3187 	.db #0xff	; 255
    00000C3E 75                    3188 	.db #0x75	; 117	'u'
    00000C3F FF                    3189 	.db #0xff	; 255
    00000C40 FF                    3190 	.db #0xff	; 255
    00000C41 FF                    3191 	.db #0xff	; 255
    00000C42 5F                    3192 	.db #0x5f	; 95
    00000C43 FF                    3193 	.db #0xff	; 255
    00000C44 BE                    3194 	.db #0xbe	; 190
    00000C45 FF                    3195 	.db #0xff	; 255
    00000C46 54                    3196 	.db #0x54	; 84	'T'
    00000C47 FF                    3197 	.db #0xff	; 255
    00000C48 FF                    3198 	.db #0xff	; 255
    00000C49 F8                    3199 	.db #0xf8	; 248
    00000C4A 7E                    3200 	.db #0x7e	; 126
    00000C4B F1                    3201 	.db #0xf1	; 241
    00000C4C AF                    3202 	.db #0xaf	; 175
    00000C4D F0                    3203 	.db #0xf0	; 240
    00000C4E 6F                    3204 	.db #0x6f	; 111	'o'
    00000C4F F0                    3205 	.db #0xf0	; 240
    00000C50 E7                    3206 	.db #0xe7	; 231
    00000C51 F8                    3207 	.db #0xf8	; 248
    00000C52 4F                    3208 	.db #0x4f	; 79	'O'
    00000C53 F0                    3209 	.db #0xf0	; 240
    00000C54 F7                    3210 	.db #0xf7	; 247
    00000C55 E8                    3211 	.db #0xe8	; 232
    00000C56 4F                    3212 	.db #0x4f	; 79	'O'
    00000C57 F0                    3213 	.db #0xf0	; 240
    00000C58 2E                    3214 	.db #0x2e	; 46
    00000C59 FF                    3215 	.db #0xff	; 255
    00000C5A BF                    3216 	.db #0xbf	; 191
    00000C5B DD                    3217 	.db #0xdd	; 221
    00000C5C 68                    3218 	.db #0x68	; 104	'h'
    00000C5D 9F                    3219 	.db #0x9f	; 159
    00000C5E F8                    3220 	.db #0xf8	; 248
    00000C5F 07                    3221 	.db #0x07	; 7
    00000C60 F0                    3222 	.db #0xf0	; 240
    00000C61 0F                    3223 	.db #0x0f	; 15
    00000C62 FA                    3224 	.db #0xfa	; 250
    00000C63 05                    3225 	.db #0x05	; 5
    00000C64 FD                    3226 	.db #0xfd	; 253
    00000C65 02                    3227 	.db #0x02	; 2
    00000C66 FF                    3228 	.db #0xff	; 255
    00000C67 00                    3229 	.db #0x00	; 0
    00000C68 30                    3230 	.db #0x30	; 48	'0'
    00000C69 CF                    3231 	.db #0xcf	; 207
    00000C6A 78                    3232 	.db #0x78	; 120	'x'
    00000C6B C7                    3233 	.db #0xc7	; 199
    00000C6C B0                    3234 	.db #0xb0	; 176
    00000C6D CF                    3235 	.db #0xcf	; 207
    00000C6E 38                    3236 	.db #0x38	; 56	'8'
    00000C6F C7                    3237 	.db #0xc7	; 199
    00000C70 78                    3238 	.db #0x78	; 120	'x'
    00000C71 87                    3239 	.db #0x87	; 135
    00000C72 F8                    3240 	.db #0xf8	; 248
    00000C73 07                    3241 	.db #0x07	; 7
    00000C74 F8                    3242 	.db #0xf8	; 248
    00000C75 07                    3243 	.db #0x07	; 7
    00000C76 F8                    3244 	.db #0xf8	; 248
    00000C77 07                    3245 	.db #0x07	; 7
    00000C78 FE                    3246 	.db #0xfe	; 254
    00000C79 FF                    3247 	.db #0xff	; 255
    00000C7A DF                    3248 	.db #0xdf	; 223
    00000C7B FD                    3249 	.db #0xfd	; 253
    00000C7C 88                    3250 	.db #0x88	; 136
    00000C7D FF                    3251 	.db #0xff	; 255
    00000C7E 00                    3252 	.db #0x00	; 0
    00000C7F FF                    3253 	.db #0xff	; 255
    00000C80 00                    3254 	.db #0x00	; 0
    00000C81 FF                    3255 	.db #0xff	; 255
    00000C82 80                    3256 	.db #0x80	; 128
    00000C83 7F                    3257 	.db #0x7f	; 127
    00000C84 44                    3258 	.db #0x44	; 68	'D'
    00000C85 BB                    3259 	.db #0xbb	; 187
    00000C86 AA                    3260 	.db #0xaa	; 170
    00000C87 55                    3261 	.db #0x55	; 85	'U'
    00000C88 1F                    3262 	.db #0x1f	; 31
    00000C89 FF                    3263 	.db #0xff	; 255
    00000C8A 0F                    3264 	.db #0x0f	; 15
    00000C8B FF                    3265 	.db #0xff	; 255
    00000C8C 0F                    3266 	.db #0x0f	; 15
    00000C8D FF                    3267 	.db #0xff	; 255
    00000C8E 8F                    3268 	.db #0x8f	; 143
    00000C8F 7F                    3269 	.db #0x7f	; 127
    00000C90 0E                    3270 	.db #0x0e	; 14
    00000C91 FF                    3271 	.db #0xff	; 255
    00000C92 25                    3272 	.db #0x25	; 37
    00000C93 DF                    3273 	.db #0xdf	; 223
    00000C94 0F                    3274 	.db #0x0f	; 15
    00000C95 FF                    3275 	.db #0xff	; 255
    00000C96 87                    3276 	.db #0x87	; 135
    00000C97 7F                    3277 	.db #0x7f	; 127
    00000C98 AF                    3278 	.db #0xaf	; 175
    00000C99 FF                    3279 	.db #0xff	; 255
    00000C9A 57                    3280 	.db #0x57	; 87	'W'
    00000C9B FF                    3281 	.db #0xff	; 255
    00000C9C AF                    3282 	.db #0xaf	; 175
    00000C9D FF                    3283 	.db #0xff	; 255
    00000C9E 57                    3284 	.db #0x57	; 87	'W'
    00000C9F FF                    3285 	.db #0xff	; 255
    00000CA0 FF                    3286 	.db #0xff	; 255
    00000CA1 FF                    3287 	.db #0xff	; 255
    00000CA2 57                    3288 	.db #0x57	; 87	'W'
    00000CA3 FF                    3289 	.db #0xff	; 255
    00000CA4 BB                    3290 	.db #0xbb	; 187
    00000CA5 FF                    3291 	.db #0xff	; 255
    00000CA6 53                    3292 	.db #0x53	; 83	'S'
    00000CA7 FF                    3293 	.db #0xff	; 255
    00000CA8 FF                    3294 	.db #0xff	; 255
    00000CA9 FF                    3295 	.db #0xff	; 255
    00000CAA FF                    3296 	.db #0xff	; 255
    00000CAB FF                    3297 	.db #0xff	; 255
    00000CAC FF                    3298 	.db #0xff	; 255
    00000CAD FF                    3299 	.db #0xff	; 255
    00000CAE FF                    3300 	.db #0xff	; 255
    00000CAF FF                    3301 	.db #0xff	; 255
    00000CB0 FF                    3302 	.db #0xff	; 255
    00000CB1 FF                    3303 	.db #0xff	; 255
    00000CB2 FF                    3304 	.db #0xff	; 255
    00000CB3 FF                    3305 	.db #0xff	; 255
    00000CB4 EF                    3306 	.db #0xef	; 239
    00000CB5 EF                    3307 	.db #0xef	; 239
    00000CB6 EF                    3308 	.db #0xef	; 239
    00000CB7 EF                    3309 	.db #0xef	; 239
    00000CB8 FF                    3310 	.db #0xff	; 255
    00000CB9 FF                    3311 	.db #0xff	; 255
    00000CBA FF                    3312 	.db #0xff	; 255
    00000CBB FF                    3313 	.db #0xff	; 255
    00000CBC FF                    3314 	.db #0xff	; 255
    00000CBD FF                    3315 	.db #0xff	; 255
    00000CBE FF                    3316 	.db #0xff	; 255
    00000CBF FF                    3317 	.db #0xff	; 255
    00000CC0 FF                    3318 	.db #0xff	; 255
    00000CC1 FF                    3319 	.db #0xff	; 255
    00000CC2 FF                    3320 	.db #0xff	; 255
    00000CC3 FF                    3321 	.db #0xff	; 255
    00000CC4 FB                    3322 	.db #0xfb	; 251
    00000CC5 FB                    3323 	.db #0xfb	; 251
    00000CC6 FB                    3324 	.db #0xfb	; 251
    00000CC7 FB                    3325 	.db #0xfb	; 251
    00000CC8 FF                    3326 	.db #0xff	; 255
    00000CC9 FF                    3327 	.db #0xff	; 255
    00000CCA F5                    3328 	.db #0xf5	; 245
    00000CCB FF                    3329 	.db #0xff	; 255
    00000CCC FB                    3330 	.db #0xfb	; 251
    00000CCD FF                    3331 	.db #0xff	; 255
    00000CCE FD                    3332 	.db #0xfd	; 253
    00000CCF FF                    3333 	.db #0xff	; 255
    00000CD0 FA                    3334 	.db #0xfa	; 250
    00000CD1 FF                    3335 	.db #0xff	; 255
    00000CD2 FC                    3336 	.db #0xfc	; 252
    00000CD3 FF                    3337 	.db #0xff	; 255
    00000CD4 FE                    3338 	.db #0xfe	; 254
    00000CD5 FF                    3339 	.db #0xff	; 255
    00000CD6 FF                    3340 	.db #0xff	; 255
    00000CD7 FF                    3341 	.db #0xff	; 255
    00000CD8 FE                    3342 	.db #0xfe	; 254
    00000CD9 FF                    3343 	.db #0xff	; 255
    00000CDA 54                    3344 	.db #0x54	; 84	'T'
    00000CDB FF                    3345 	.db #0xff	; 255
    00000CDC AA                    3346 	.db #0xaa	; 170
    00000CDD FF                    3347 	.db #0xff	; 255
    00000CDE 17                    3348 	.db #0x17	; 23
    00000CDF FF                    3349 	.db #0xff	; 255
    00000CE0 AF                    3350 	.db #0xaf	; 175
    00000CE1 FF                    3351 	.db #0xff	; 255
    00000CE2 57                    3352 	.db #0x57	; 87	'W'
    00000CE3 FF                    3353 	.db #0xff	; 255
    00000CE4 A3                    3354 	.db #0xa3	; 163
    00000CE5 FF                    3355 	.db #0xff	; 255
    00000CE6 51                    3356 	.db #0x51	; 81	'Q'
    00000CE7 FF                    3357 	.db #0xff	; 255
    00000CE8 F7                    3358 	.db #0xf7	; 247
    00000CE9 E8                    3359 	.db #0xe8	; 232
    00000CEA 4F                    3360 	.db #0x4f	; 79	'O'
    00000CEB F0                    3361 	.db #0xf0	; 240
    00000CEC 2F                    3362 	.db #0x2f	; 47
    00000CED F0                    3363 	.db #0xf0	; 240
    00000CEE 2F                    3364 	.db #0x2f	; 47
    00000CEF F0                    3365 	.db #0xf0	; 240
    00000CF0 27                    3366 	.db #0x27	; 39
    00000CF1 F8                    3367 	.db #0xf8	; 248
    00000CF2 2F                    3368 	.db #0x2f	; 47
    00000CF3 F0                    3369 	.db #0xf0	; 240
    00000CF4 27                    3370 	.db #0x27	; 39
    00000CF5 F8                    3371 	.db #0xf8	; 248
    00000CF6 1F                    3372 	.db #0x1f	; 31
    00000CF7 F0                    3373 	.db #0xf0	; 240
    00000CF8 FF                    3374 	.db #0xff	; 255
    00000CF9 00                    3375 	.db #0x00	; 0
    00000CFA FF                    3376 	.db #0xff	; 255
    00000CFB 00                    3377 	.db #0x00	; 0
    00000CFC FF                    3378 	.db #0xff	; 255
    00000CFD 00                    3379 	.db #0x00	; 0
    00000CFE FE                    3380 	.db #0xfe	; 254
    00000CFF 01                    3381 	.db #0x01	; 1
    00000D00 FD                    3382 	.db #0xfd	; 253
    00000D01 02                    3383 	.db #0x02	; 2
    00000D02 FF                    3384 	.db #0xff	; 255
    00000D03 00                    3385 	.db #0x00	; 0
    00000D04 FF                    3386 	.db #0xff	; 255
    00000D05 00                    3387 	.db #0x00	; 0
    00000D06 FE                    3388 	.db #0xfe	; 254
    00000D07 01                    3389 	.db #0x01	; 1
    00000D08 FC                    3390 	.db #0xfc	; 252
    00000D09 03                    3391 	.db #0x03	; 3
    00000D0A FE                    3392 	.db #0xfe	; 254
    00000D0B 01                    3393 	.db #0x01	; 1
    00000D0C 7D                    3394 	.db #0x7d	; 125
    00000D0D 82                    3395 	.db #0x82	; 130
    00000D0E FE                    3396 	.db #0xfe	; 254
    00000D0F 01                    3397 	.db #0x01	; 1
    00000D10 BC                    3398 	.db #0xbc	; 188
    00000D11 63                    3399 	.db #0x63	; 99	'c'
    00000D12 99                    3400 	.db #0x99	; 153
    00000D13 67                    3401 	.db #0x67	; 103	'g'
    00000D14 D0                    3402 	.db #0xd0	; 208
    00000D15 2F                    3403 	.db #0x2f	; 47
    00000D16 80                    3404 	.db #0x80	; 128
    00000D17 7F                    3405 	.db #0x7f	; 127
    00000D18 11                    3406 	.db #0x11	; 17
    00000D19 EE                    3407 	.db #0xee	; 238
    00000D1A BE                    3408 	.db #0xbe	; 190
    00000D1B 41                    3409 	.db #0x41	; 65	'A'
    00000D1C 14                    3410 	.db #0x14	; 20
    00000D1D EB                    3411 	.db #0xeb	; 235
    00000D1E 8A                    3412 	.db #0x8a	; 138
    00000D1F 75                    3413 	.db #0x75	; 117	'u'
    00000D20 81                    3414 	.db #0x81	; 129
    00000D21 FE                    3415 	.db #0xfe	; 254
    00000D22 2A                    3416 	.db #0x2a	; 42
    00000D23 D5                    3417 	.db #0xd5	; 213
    00000D24 14                    3418 	.db #0x14	; 20
    00000D25 EB                    3419 	.db #0xeb	; 235
    00000D26 4A                    3420 	.db #0x4a	; 74	'J'
    00000D27 F5                    3421 	.db #0xf5	; 245
    00000D28 07                    3422 	.db #0x07	; 7
    00000D29 FF                    3423 	.db #0xff	; 255
    00000D2A 07                    3424 	.db #0x07	; 7
    00000D2B FF                    3425 	.db #0xff	; 255
    00000D2C 06                    3426 	.db #0x06	; 6
    00000D2D FF                    3427 	.db #0xff	; 255
    00000D2E 87                    3428 	.db #0x87	; 135
    00000D2F 7F                    3429 	.db #0x7f	; 127
    00000D30 0E                    3430 	.db #0x0e	; 14
    00000D31 FF                    3431 	.db #0xff	; 255
    00000D32 04                    3432 	.db #0x04	; 4
    00000D33 FF                    3433 	.db #0xff	; 255
    00000D34 0E                    3434 	.db #0x0e	; 14
    00000D35 FF                    3435 	.db #0xff	; 255
    00000D36 8C                    3436 	.db #0x8c	; 140
    00000D37 7F                    3437 	.db #0x7f	; 127
    00000D38 AB                    3438 	.db #0xab	; 171
    00000D39 FF                    3439 	.db #0xff	; 255
    00000D3A 45                    3440 	.db #0x45	; 69	'E'
    00000D3B FF                    3441 	.db #0xff	; 255
    00000D3C A3                    3442 	.db #0xa3	; 163
    00000D3D FF                    3443 	.db #0xff	; 255
    00000D3E 41                    3444 	.db #0x41	; 65	'A'
    00000D3F FF                    3445 	.db #0xff	; 255
    00000D40 A9                    3446 	.db #0xa9	; 169
    00000D41 FF                    3447 	.db #0xff	; 255
    00000D42 41                    3448 	.db #0x41	; 65	'A'
    00000D43 FF                    3449 	.db #0xff	; 255
    00000D44 29                    3450 	.db #0x29	; 41
    00000D45 FF                    3451 	.db #0xff	; 255
    00000D46 01                    3452 	.db #0x01	; 1
    00000D47 FF                    3453 	.db #0xff	; 255
    00000D48 4E                    3454 	.db #0x4e	; 78	'N'
    00000D49 4E                    3455 	.db #0x4e	; 78	'N'
    00000D4A 36                    3456 	.db #0x36	; 54	'6'
    00000D4B 36                    3457 	.db #0x36	; 54	'6'
    00000D4C 76                    3458 	.db #0x76	; 118	'v'
    00000D4D 76                    3459 	.db #0x76	; 118	'v'
    00000D4E 76                    3460 	.db #0x76	; 118	'v'
    00000D4F 76                    3461 	.db #0x76	; 118	'v'
    00000D50 76                    3462 	.db #0x76	; 118	'v'
    00000D51 76                    3463 	.db #0x76	; 118	'v'
    00000D52 0E                    3464 	.db #0x0e	; 14
    00000D53 0E                    3465 	.db #0x0e	; 14
    00000D54 7F                    3466 	.db #0x7f	; 127
    00000D55 7F                    3467 	.db #0x7f	; 127
    00000D56 7F                    3468 	.db #0x7f	; 127
    00000D57 7F                    3469 	.db #0x7f	; 127
    00000D58 B3                    3470 	.db #0xb3	; 179
    00000D59 B3                    3471 	.db #0xb3	; 179
    00000D5A 6D                    3472 	.db #0x6d	; 109	'm'
    00000D5B 6D                    3473 	.db #0x6d	; 109	'm'
    00000D5C E1                    3474 	.db #0xe1	; 225
    00000D5D E1                    3475 	.db #0xe1	; 225
    00000D5E EF                    3476 	.db #0xef	; 239
    00000D5F EF                    3477 	.db #0xef	; 239
    00000D60 EF                    3478 	.db #0xef	; 239
    00000D61 EF                    3479 	.db #0xef	; 239
    00000D62 F1                    3480 	.db #0xf1	; 241
    00000D63 F1                    3481 	.db #0xf1	; 241
    00000D64 FF                    3482 	.db #0xff	; 255
    00000D65 FF                    3483 	.db #0xff	; 255
    00000D66 FF                    3484 	.db #0xff	; 255
    00000D67 FF                    3485 	.db #0xff	; 255
    00000D68 CE                    3486 	.db #0xce	; 206
    00000D69 CE                    3487 	.db #0xce	; 206
    00000D6A BD                    3488 	.db #0xbd	; 189
    00000D6B BD                    3489 	.db #0xbd	; 189
    00000D6C DE                    3490 	.db #0xde	; 222
    00000D6D DE                    3491 	.db #0xde	; 222
    00000D6E EF                    3492 	.db #0xef	; 239
    00000D6F EF                    3493 	.db #0xef	; 239
    00000D70 EF                    3494 	.db #0xef	; 239
    00000D71 EF                    3495 	.db #0xef	; 239
    00000D72 9C                    3496 	.db #0x9c	; 156
    00000D73 9C                    3497 	.db #0x9c	; 156
    00000D74 FF                    3498 	.db #0xff	; 255
    00000D75 FF                    3499 	.db #0xff	; 255
    00000D76 FF                    3500 	.db #0xff	; 255
    00000D77 FF                    3501 	.db #0xff	; 255
    00000D78 7E                    3502 	.db #0x7e	; 126
    00000D79 7E                    3503 	.db #0x7e	; 126
    00000D7A FD                    3504 	.db #0xfd	; 253
    00000D7B FD                    3505 	.db #0xfd	; 253
    00000D7C FE                    3506 	.db #0xfe	; 254
    00000D7D FE                    3507 	.db #0xfe	; 254
    00000D7E 7F                    3508 	.db #0x7f	; 127
    00000D7F 7F                    3509 	.db #0x7f	; 127
    00000D80 7F                    3510 	.db #0x7f	; 127
    00000D81 7F                    3511 	.db #0x7f	; 127
    00000D82 FC                    3512 	.db #0xfc	; 252
    00000D83 FC                    3513 	.db #0xfc	; 252
    00000D84 FF                    3514 	.db #0xff	; 255
    00000D85 FF                    3515 	.db #0xff	; 255
    00000D86 FF                    3516 	.db #0xff	; 255
    00000D87 FF                    3517 	.db #0xff	; 255
    00000D88 42                    3518 	.db #0x42	; 66	'B'
    00000D89 42                    3519 	.db #0x42	; 66	'B'
    00000D8A EE                    3520 	.db #0xee	; 238
    00000D8B EE                    3521 	.db #0xee	; 238
    00000D8C EE                    3522 	.db #0xee	; 238
    00000D8D EE                    3523 	.db #0xee	; 238
    00000D8E 6E                    3524 	.db #0x6e	; 110	'n'
    00000D8F 6E                    3525 	.db #0x6e	; 110	'n'
    00000D90 6E                    3526 	.db #0x6e	; 110	'n'
    00000D91 6E                    3527 	.db #0x6e	; 110	'n'
    00000D92 F2                    3528 	.db #0xf2	; 242
    00000D93 F2                    3529 	.db #0xf2	; 242
    00000D94 FF                    3530 	.db #0xff	; 255
    00000D95 FF                    3531 	.db #0xff	; 255
    00000D96 FF                    3532 	.db #0xff	; 255
    00000D97 FF                    3533 	.db #0xff	; 255
    00000D98 A3                    3534 	.db #0xa3	; 163
    00000D99 A3                    3535 	.db #0xa3	; 163
    00000D9A 7D                    3536 	.db #0x7d	; 125
    00000D9B 7D                    3537 	.db #0x7d	; 125
    00000D9C F1                    3538 	.db #0xf1	; 241
    00000D9D F1                    3539 	.db #0xf1	; 241
    00000D9E ED                    3540 	.db #0xed	; 237
    00000D9F ED                    3541 	.db #0xed	; 237
    00000DA0 ED                    3542 	.db #0xed	; 237
    00000DA1 ED                    3543 	.db #0xed	; 237
    00000DA2 F1                    3544 	.db #0xf1	; 241
    00000DA3 F1                    3545 	.db #0xf1	; 241
    00000DA4 FF                    3546 	.db #0xff	; 255
    00000DA5 FF                    3547 	.db #0xff	; 255
    00000DA6 FF                    3548 	.db #0xff	; 255
    00000DA7 FF                    3549 	.db #0xff	; 255
    00000DA8 A0                    3550 	.db #0xa0	; 160
    00000DA9 A0                    3551 	.db #0xa0	; 160
    00000DAA 9B                    3552 	.db #0x9b	; 155
    00000DAB 9B                    3553 	.db #0x9b	; 155
    00000DAC BB                    3554 	.db #0xbb	; 187
    00000DAD BB                    3555 	.db #0xbb	; 187
    00000DAE BB                    3556 	.db #0xbb	; 187
    00000DAF BB                    3557 	.db #0xbb	; 187
    00000DB0 BB                    3558 	.db #0xbb	; 187
    00000DB1 BB                    3559 	.db #0xbb	; 187
    00000DB2 BC                    3560 	.db #0xbc	; 188
    00000DB3 BC                    3561 	.db #0xbc	; 188
    00000DB4 FF                    3562 	.db #0xff	; 255
    00000DB5 FF                    3563 	.db #0xff	; 255
    00000DB6 FF                    3564 	.db #0xff	; 255
    00000DB7 FF                    3565 	.db #0xff	; 255
    00000DB8 FF                    3566 	.db #0xff	; 255
    00000DB9 FF                    3567 	.db #0xff	; 255
    00000DBA FD                    3568 	.db #0xfd	; 253
    00000DBB FF                    3569 	.db #0xff	; 255
    00000DBC FE                    3570 	.db #0xfe	; 254
    00000DBD FF                    3571 	.db #0xff	; 255
    00000DBE FF                    3572 	.db #0xff	; 255
    00000DBF FF                    3573 	.db #0xff	; 255
    00000DC0 FE                    3574 	.db #0xfe	; 254
    00000DC1 FF                    3575 	.db #0xff	; 255
    00000DC2 FF                    3576 	.db #0xff	; 255
    00000DC3 FF                    3577 	.db #0xff	; 255
    00000DC4 FF                    3578 	.db #0xff	; 255
    00000DC5 FF                    3579 	.db #0xff	; 255
    00000DC6 FF                    3580 	.db #0xff	; 255
    00000DC7 FF                    3581 	.db #0xff	; 255
    00000DC8 FF                    3582 	.db #0xff	; 255
    00000DC9 FF                    3583 	.db #0xff	; 255
    00000DCA 5D                    3584 	.db #0x5d	; 93
    00000DCB FF                    3585 	.db #0xff	; 255
    00000DCC BB                    3586 	.db #0xbb	; 187
    00000DCD FF                    3587 	.db #0xff	; 255
    00000DCE 15                    3588 	.db #0x15	; 21
    00000DCF FF                    3589 	.db #0xff	; 255
    00000DD0 AA                    3590 	.db #0xaa	; 170
    00000DD1 FF                    3591 	.db #0xff	; 255
    00000DD2 05                    3592 	.db #0x05	; 5
    00000DD3 FF                    3593 	.db #0xff	; 255
    00000DD4 E2                    3594 	.db #0xe2	; 226
    00000DD5 FF                    3595 	.db #0xff	; 255
    00000DD6 FC                    3596 	.db #0xfc	; 252
    00000DD7 FF                    3597 	.db #0xff	; 255
    00000DD8 97                    3598 	.db #0x97	; 151
    00000DD9 F8                    3599 	.db #0xf8	; 248
    00000DDA 97                    3600 	.db #0x97	; 151
    00000DDB F8                    3601 	.db #0xf8	; 248
    00000DDC EF                    3602 	.db #0xef	; 239
    00000DDD F8                    3603 	.db #0xf8	; 248
    00000DDE 73                    3604 	.db #0x73	; 115	's'
    00000DDF FC                    3605 	.db #0xfc	; 252
    00000DE0 ED                    3606 	.db #0xed	; 237
    00000DE1 FE                    3607 	.db #0xfe	; 254
    00000DE2 45                    3608 	.db #0x45	; 69	'E'
    00000DE3 FE                    3609 	.db #0xfe	; 254
    00000DE4 A2                    3610 	.db #0xa2	; 162
    00000DE5 FF                    3611 	.db #0xff	; 255
    00000DE6 00                    3612 	.db #0x00	; 0
    00000DE7 FF                    3613 	.db #0xff	; 255
    00000DE8 FC                    3614 	.db #0xfc	; 252
    00000DE9 03                    3615 	.db #0x03	; 3
    00000DEA F5                    3616 	.db #0xf5	; 245
    00000DEB 0F                    3617 	.db #0x0f	; 15
    00000DEC E8                    3618 	.db #0xe8	; 232
    00000DED 1F                    3619 	.db #0x1f	; 31
    00000DEE C1                    3620 	.db #0xc1	; 193
    00000DEF 3F                    3621 	.db #0x3f	; 63
    00000DF0 8A                    3622 	.db #0x8a	; 138
    00000DF1 7F                    3623 	.db #0x7f	; 127
    00000DF2 83                    3624 	.db #0x83	; 131
    00000DF3 7C                    3625 	.db #0x7c	; 124
    00000DF4 C7                    3626 	.db #0xc7	; 199
    00000DF5 38                    3627 	.db #0x38	; 56	'8'
    00000DF6 FF                    3628 	.db #0xff	; 255
    00000DF7 00                    3629 	.db #0x00	; 0
    00000DF8 E8                    3630 	.db #0xe8	; 232
    00000DF9 FF                    3631 	.db #0xff	; 255
    00000DFA 54                    3632 	.db #0x54	; 84	'T'
    00000DFB FF                    3633 	.db #0xff	; 255
    00000DFC E2                    3634 	.db #0xe2	; 226
    00000DFD FF                    3635 	.db #0xff	; 255
    00000DFE 09                    3636 	.db #0x09	; 9
    00000DFF F7                    3637 	.db #0xf7	; 247
    00000E00 08                    3638 	.db #0x08	; 8
    00000E01 FF                    3639 	.db #0xff	; 255
    00000E02 FE                    3640 	.db #0xfe	; 254
    00000E03 01                    3641 	.db #0x01	; 1
    00000E04 FD                    3642 	.db #0xfd	; 253
    00000E05 02                    3643 	.db #0x02	; 2
    00000E06 E2                    3644 	.db #0xe2	; 226
    00000E07 1D                    3645 	.db #0x1d	; 29
    00000E08 E5                    3646 	.db #0xe5	; 229
    00000E09 FA                    3647 	.db #0xfa	; 250
    00000E0A 72                    3648 	.db #0x72	; 114	'r'
    00000E0B FD                    3649 	.db #0xfd	; 253
    00000E0C 08                    3650 	.db #0x08	; 8
    00000E0D FF                    3651 	.db #0xff	; 255
    00000E0E 00                    3652 	.db #0x00	; 0
    00000E0F FF                    3653 	.db #0xff	; 255
    00000E10 A0                    3654 	.db #0xa0	; 160
    00000E11 FF                    3655 	.db #0xff	; 255
    00000E12 00                    3656 	.db #0x00	; 0
    00000E13 FF                    3657 	.db #0xff	; 255
    00000E14 08                    3658 	.db #0x08	; 8
    00000E15 FF                    3659 	.db #0xff	; 255
    00000E16 88                    3660 	.db #0x88	; 136
    00000E17 77                    3661 	.db #0x77	; 119	'w'
    00000E18 0E                    3662 	.db #0x0e	; 14
    00000E19 FF                    3663 	.db #0xff	; 255
    00000E1A 1D                    3664 	.db #0x1d	; 29
    00000E1B FF                    3665 	.db #0xff	; 255
    00000E1C 1A                    3666 	.db #0x1a	; 26
    00000E1D FF                    3667 	.db #0xff	; 255
    00000E1E 1D                    3668 	.db #0x1d	; 29
    00000E1F FF                    3669 	.db #0xff	; 255
    00000E20 2A                    3670 	.db #0x2a	; 42
    00000E21 FF                    3671 	.db #0xff	; 255
    00000E22 50                    3672 	.db #0x50	; 80	'P'
    00000E23 FF                    3673 	.db #0xff	; 255
    00000E24 A2                    3674 	.db #0xa2	; 162
    00000E25 FF                    3675 	.db #0xff	; 255
    00000E26 51                    3676 	.db #0x51	; 81	'Q'
    00000E27 FF                    3677 	.db #0xff	; 255
    00000E28 A9                    3678 	.db #0xa9	; 169
    00000E29 FF                    3679 	.db #0xff	; 255
    00000E2A 43                    3680 	.db #0x43	; 67	'C'
    00000E2B FF                    3681 	.db #0xff	; 255
    00000E2C A7                    3682 	.db #0xa7	; 167
    00000E2D FF                    3683 	.db #0xff	; 255
    00000E2E 0F                    3684 	.db #0x0f	; 15
    00000E2F FF                    3685 	.db #0xff	; 255
    00000E30 9F                    3686 	.db #0x9f	; 159
    00000E31 FF                    3687 	.db #0xff	; 255
    00000E32 5F                    3688 	.db #0x5f	; 95
    00000E33 FF                    3689 	.db #0xff	; 255
    00000E34 BF                    3690 	.db #0xbf	; 191
    00000E35 FF                    3691 	.db #0xff	; 255
    00000E36 3F                    3692 	.db #0x3f	; 63
    00000E37 FF                    3693 	.db #0xff	; 255
    00000E38 88                    3694 	.db #0x88	; 136
    00000E39 FF                    3695 	.db #0xff	; 255
    00000E3A A2                    3696 	.db #0xa2	; 162
    00000E3B DD                    3697 	.db #0xdd	; 221
    00000E3C D2                    3698 	.db #0xd2	; 210
    00000E3D EF                    3699 	.db #0xef	; 239
    00000E3E FF                    3700 	.db #0xff	; 255
    00000E3F FF                    3701 	.db #0xff	; 255
    00000E40 FF                    3702 	.db #0xff	; 255
    00000E41 FF                    3703 	.db #0xff	; 255
    00000E42 FF                    3704 	.db #0xff	; 255
    00000E43 FF                    3705 	.db #0xff	; 255
    00000E44 FF                    3706 	.db #0xff	; 255
    00000E45 FF                    3707 	.db #0xff	; 255
    00000E46 FF                    3708 	.db #0xff	; 255
    00000E47 FF                    3709 	.db #0xff	; 255
    00000E48 FF                    3710 	.db #0xff	; 255
    00000E49 80                    3711 	.db #0x80	; 128
    00000E4A 3F                    3712 	.db #0x3f	; 63
    00000E4B C0                    3713 	.db #0xc0	; 192
    00000E4C 1F                    3714 	.db #0x1f	; 31
    00000E4D E0                    3715 	.db #0xe0	; 224
    00000E4E 2F                    3716 	.db #0x2f	; 47
    00000E4F D0                    3717 	.db #0xd0	; 208
    00000E50 D1                    3718 	.db #0xd1	; 209
    00000E51 EE                    3719 	.db #0xee	; 238
    00000E52 E0                    3720 	.db #0xe0	; 224
    00000E53 FF                    3721 	.db #0xff	; 255
    00000E54 F8                    3722 	.db #0xf8	; 248
    00000E55 FF                    3723 	.db #0xff	; 255
    00000E56 FF                    3724 	.db #0xff	; 255
    00000E57 FF                    3725 	.db #0xff	; 255
    00000E58 C0                    3726 	.db #0xc0	; 192
    00000E59 3F                    3727 	.db #0x3f	; 63
    00000E5A FF                    3728 	.db #0xff	; 255
    00000E5B 00                    3729 	.db #0x00	; 0
    00000E5C FF                    3730 	.db #0xff	; 255
    00000E5D 00                    3731 	.db #0x00	; 0
    00000E5E FF                    3732 	.db #0xff	; 255
    00000E5F 00                    3733 	.db #0x00	; 0
    00000E60 F7                    3734 	.db #0xf7	; 247
    00000E61 08                    3735 	.db #0x08	; 8
    00000E62 A2                    3736 	.db #0xa2	; 162
    00000E63 5D                    3737 	.db #0x5d	; 93
    00000E64 02                    3738 	.db #0x02	; 2
    00000E65 FF                    3739 	.db #0xff	; 255
    00000E66 AB                    3740 	.db #0xab	; 171
    00000E67 D7                    3741 	.db #0xd7	; 215
    00000E68 00                    3742 	.db #0x00	; 0
    00000E69 FF                    3743 	.db #0xff	; 255
    00000E6A 80                    3744 	.db #0x80	; 128
    00000E6B 7F                    3745 	.db #0x7f	; 127
    00000E6C 02                    3746 	.db #0x02	; 2
    00000E6D FF                    3747 	.db #0xff	; 255
    00000E6E 81                    3748 	.db #0x81	; 129
    00000E6F 7F                    3749 	.db #0x7f	; 127
    00000E70 22                    3750 	.db #0x22	; 34
    00000E71 FF                    3751 	.db #0xff	; 255
    00000E72 03                    3752 	.db #0x03	; 3
    00000E73 FD                    3753 	.db #0xfd	; 253
    00000E74 0F                    3754 	.db #0x0f	; 15
    00000E75 FF                    3755 	.db #0xff	; 255
    00000E76 FF                    3756 	.db #0xff	; 255
    00000E77 FF                    3757 	.db #0xff	; 255
    00000E78 F9                    3758 	.db #0xf9	; 249
    00000E79 FF                    3759 	.db #0xff	; 255
    00000E7A 15                    3760 	.db #0x15	; 21
    00000E7B FF                    3761 	.db #0xff	; 255
    00000E7C AF                    3762 	.db #0xaf	; 175
    00000E7D FF                    3763 	.db #0xff	; 255
    00000E7E 0F                    3764 	.db #0x0f	; 15
    00000E7F FF                    3765 	.db #0xff	; 255
    00000E80 BF                    3766 	.db #0xbf	; 191
    00000E81 FF                    3767 	.db #0xff	; 255
    00000E82 FF                    3768 	.db #0xff	; 255
    00000E83 FF                    3769 	.db #0xff	; 255
    00000E84 FF                    3770 	.db #0xff	; 255
    00000E85 FF                    3771 	.db #0xff	; 255
    00000E86 FF                    3772 	.db #0xff	; 255
    00000E87 FF                    3773 	.db #0xff	; 255
    00000E88                       3774 _png_prueba_map:
    00000E88 00                    3775 	.db #0x00	; 0
    00000E89 00                    3776 	.db #0x00	; 0
    00000E8A 00                    3777 	.db #0x00	; 0
    00000E8B 00                    3778 	.db #0x00	; 0
    00000E8C 00                    3779 	.db #0x00	; 0
    00000E8D 00                    3780 	.db #0x00	; 0
    00000E8E 01                    3781 	.db #0x01	; 1
    00000E8F 02                    3782 	.db #0x02	; 2
    00000E90 03                    3783 	.db #0x03	; 3
    00000E91 04                    3784 	.db #0x04	; 4
    00000E92 05                    3785 	.db #0x05	; 5
    00000E93 06                    3786 	.db #0x06	; 6
    00000E94 07                    3787 	.db #0x07	; 7
    00000E95 08                    3788 	.db #0x08	; 8
    00000E96 09                    3789 	.db #0x09	; 9
    00000E97 0A                    3790 	.db #0x0a	; 10
    00000E98 00                    3791 	.db #0x00	; 0
    00000E99 00                    3792 	.db #0x00	; 0
    00000E9A 00                    3793 	.db #0x00	; 0
    00000E9B 00                    3794 	.db #0x00	; 0
    00000E9C 00                    3795 	.db #0x00	; 0
    00000E9D 00                    3796 	.db #0x00	; 0
    00000E9E 0B                    3797 	.db #0x0b	; 11
    00000E9F 0C                    3798 	.db #0x0c	; 12
    00000EA0 0D                    3799 	.db #0x0d	; 13
    00000EA1 0E                    3800 	.db #0x0e	; 14
    00000EA2 0F                    3801 	.db #0x0f	; 15
    00000EA3 10                    3802 	.db #0x10	; 16
    00000EA4 11                    3803 	.db #0x11	; 17
    00000EA5 12                    3804 	.db #0x12	; 18
    00000EA6 13                    3805 	.db #0x13	; 19
    00000EA7 14                    3806 	.db #0x14	; 20
    00000EA8 15                    3807 	.db #0x15	; 21
    00000EA9 16                    3808 	.db #0x16	; 22
    00000EAA 17                    3809 	.db #0x17	; 23
    00000EAB 18                    3810 	.db #0x18	; 24
    00000EAC 19                    3811 	.db #0x19	; 25
    00000EAD 1A                    3812 	.db #0x1a	; 26
    00000EAE 00                    3813 	.db #0x00	; 0
    00000EAF 00                    3814 	.db #0x00	; 0
    00000EB0 00                    3815 	.db #0x00	; 0
    00000EB1 1B                    3816 	.db #0x1b	; 27
    00000EB2 1C                    3817 	.db #0x1c	; 28
    00000EB3 1D                    3818 	.db #0x1d	; 29
    00000EB4 1E                    3819 	.db #0x1e	; 30
    00000EB5 1F                    3820 	.db #0x1f	; 31
    00000EB6 20                    3821 	.db #0x20	; 32
    00000EB7 21                    3822 	.db #0x21	; 33
    00000EB8 22                    3823 	.db #0x22	; 34
    00000EB9 23                    3824 	.db #0x23	; 35
    00000EBA 24                    3825 	.db #0x24	; 36
    00000EBB 25                    3826 	.db #0x25	; 37
    00000EBC 26                    3827 	.db #0x26	; 38
    00000EBD 27                    3828 	.db #0x27	; 39
    00000EBE 28                    3829 	.db #0x28	; 40
    00000EBF 29                    3830 	.db #0x29	; 41
    00000EC0 2A                    3831 	.db #0x2a	; 42
    00000EC1 2B                    3832 	.db #0x2b	; 43
    00000EC2 00                    3833 	.db #0x00	; 0
    00000EC3 00                    3834 	.db #0x00	; 0
    00000EC4 00                    3835 	.db #0x00	; 0
    00000EC5 2C                    3836 	.db #0x2c	; 44
    00000EC6 2D                    3837 	.db #0x2d	; 45
    00000EC7 2E                    3838 	.db #0x2e	; 46
    00000EC8 2F                    3839 	.db #0x2f	; 47
    00000EC9 30                    3840 	.db #0x30	; 48	'0'
    00000ECA 31                    3841 	.db #0x31	; 49	'1'
    00000ECB 32                    3842 	.db #0x32	; 50	'2'
    00000ECC 33                    3843 	.db #0x33	; 51	'3'
    00000ECD 34                    3844 	.db #0x34	; 52	'4'
    00000ECE 35                    3845 	.db #0x35	; 53	'5'
    00000ECF 36                    3846 	.db #0x36	; 54	'6'
    00000ED0 37                    3847 	.db #0x37	; 55	'7'
    00000ED1 38                    3848 	.db #0x38	; 56	'8'
    00000ED2 39                    3849 	.db #0x39	; 57	'9'
    00000ED3 3A                    3850 	.db #0x3a	; 58
    00000ED4 3B                    3851 	.db #0x3b	; 59
    00000ED5 3C                    3852 	.db #0x3c	; 60
    00000ED6 3D                    3853 	.db #0x3d	; 61
    00000ED7 00                    3854 	.db #0x00	; 0
    00000ED8 3E                    3855 	.db #0x3e	; 62
    00000ED9 3F                    3856 	.db #0x3f	; 63
    00000EDA 40                    3857 	.db #0x40	; 64
    00000EDB 41                    3858 	.db #0x41	; 65	'A'
    00000EDC 42                    3859 	.db #0x42	; 66	'B'
    00000EDD 43                    3860 	.db #0x43	; 67	'C'
    00000EDE 44                    3861 	.db #0x44	; 68	'D'
    00000EDF 45                    3862 	.db #0x45	; 69	'E'
    00000EE0 46                    3863 	.db #0x46	; 70	'F'
    00000EE1 47                    3864 	.db #0x47	; 71	'G'
    00000EE2 48                    3865 	.db #0x48	; 72	'H'
    00000EE3 49                    3866 	.db #0x49	; 73	'I'
    00000EE4 4A                    3867 	.db #0x4a	; 74	'J'
    00000EE5 4B                    3868 	.db #0x4b	; 75	'K'
    00000EE6 4C                    3869 	.db #0x4c	; 76	'L'
    00000EE7 4D                    3870 	.db #0x4d	; 77	'M'
    00000EE8 4E                    3871 	.db #0x4e	; 78	'N'
    00000EE9 4F                    3872 	.db #0x4f	; 79	'O'
    00000EEA 50                    3873 	.db #0x50	; 80	'P'
    00000EEB 00                    3874 	.db #0x00	; 0
    00000EEC 51                    3875 	.db #0x51	; 81	'Q'
    00000EED 52                    3876 	.db #0x52	; 82	'R'
    00000EEE 53                    3877 	.db #0x53	; 83	'S'
    00000EEF 54                    3878 	.db #0x54	; 84	'T'
    00000EF0 55                    3879 	.db #0x55	; 85	'U'
    00000EF1 56                    3880 	.db #0x56	; 86	'V'
    00000EF2 57                    3881 	.db #0x57	; 87	'W'
    00000EF3 58                    3882 	.db #0x58	; 88	'X'
    00000EF4 59                    3883 	.db #0x59	; 89	'Y'
    00000EF5 5A                    3884 	.db #0x5a	; 90	'Z'
    00000EF6 5B                    3885 	.db #0x5b	; 91
    00000EF7 5C                    3886 	.db #0x5c	; 92
    00000EF8 5D                    3887 	.db #0x5d	; 93
    00000EF9 00                    3888 	.db #0x00	; 0
    00000EFA 00                    3889 	.db #0x00	; 0
    00000EFB 00                    3890 	.db #0x00	; 0
    00000EFC 00                    3891 	.db #0x00	; 0
    00000EFD 00                    3892 	.db #0x00	; 0
    00000EFE 00                    3893 	.db #0x00	; 0
    00000EFF 00                    3894 	.db #0x00	; 0
    00000F00 5E                    3895 	.db #0x5e	; 94
    00000F01 5F                    3896 	.db #0x5f	; 95
    00000F02 60                    3897 	.db #0x60	; 96
    00000F03 61                    3898 	.db #0x61	; 97	'a'
    00000F04 62                    3899 	.db #0x62	; 98	'b'
    00000F05 63                    3900 	.db #0x63	; 99	'c'
    00000F06 64                    3901 	.db #0x64	; 100	'd'
    00000F07 65                    3902 	.db #0x65	; 101	'e'
    00000F08 66                    3903 	.db #0x66	; 102	'f'
    00000F09 67                    3904 	.db #0x67	; 103	'g'
    00000F0A 68                    3905 	.db #0x68	; 104	'h'
    00000F0B 69                    3906 	.db #0x69	; 105	'i'
    00000F0C 6A                    3907 	.db #0x6a	; 106	'j'
    00000F0D 00                    3908 	.db #0x00	; 0
    00000F0E 00                    3909 	.db #0x00	; 0
    00000F0F 00                    3910 	.db #0x00	; 0
    00000F10 00                    3911 	.db #0x00	; 0
    00000F11 00                    3912 	.db #0x00	; 0
    00000F12 00                    3913 	.db #0x00	; 0
    00000F13 00                    3914 	.db #0x00	; 0
    00000F14 6B                    3915 	.db #0x6b	; 107	'k'
    00000F15 6C                    3916 	.db #0x6c	; 108	'l'
    00000F16 6D                    3917 	.db #0x6d	; 109	'm'
    00000F17 6E                    3918 	.db #0x6e	; 110	'n'
    00000F18 6F                    3919 	.db #0x6f	; 111	'o'
    00000F19 70                    3920 	.db #0x70	; 112	'p'
    00000F1A 71                    3921 	.db #0x71	; 113	'q'
    00000F1B 72                    3922 	.db #0x72	; 114	'r'
    00000F1C 73                    3923 	.db #0x73	; 115	's'
    00000F1D 74                    3924 	.db #0x74	; 116	't'
    00000F1E 75                    3925 	.db #0x75	; 117	'u'
    00000F1F 76                    3926 	.db #0x76	; 118	'v'
    00000F20 77                    3927 	.db #0x77	; 119	'w'
    00000F21 78                    3928 	.db #0x78	; 120	'x'
    00000F22 00                    3929 	.db #0x00	; 0
    00000F23 00                    3930 	.db #0x00	; 0
    00000F24 00                    3931 	.db #0x00	; 0
    00000F25 00                    3932 	.db #0x00	; 0
    00000F26 00                    3933 	.db #0x00	; 0
    00000F27 00                    3934 	.db #0x00	; 0
    00000F28 79                    3935 	.db #0x79	; 121	'y'
    00000F29 7A                    3936 	.db #0x7a	; 122	'z'
    00000F2A 7B                    3937 	.db #0x7b	; 123
    00000F2B 7C                    3938 	.db #0x7c	; 124
    00000F2C 7D                    3939 	.db #0x7d	; 125
    00000F2D 7E                    3940 	.db #0x7e	; 126
    00000F2E 7F                    3941 	.db #0x7f	; 127
    00000F2F 80                    3942 	.db #0x80	; 128
    00000F30 81                    3943 	.db #0x81	; 129
    00000F31 82                    3944 	.db #0x82	; 130
    00000F32 83                    3945 	.db #0x83	; 131
    00000F33 84                    3946 	.db #0x84	; 132
    00000F34 85                    3947 	.db #0x85	; 133
    00000F35 86                    3948 	.db #0x86	; 134
    00000F36 87                    3949 	.db #0x87	; 135
    00000F37 88                    3950 	.db #0x88	; 136
    00000F38 00                    3951 	.db #0x00	; 0
    00000F39 00                    3952 	.db #0x00	; 0
    00000F3A 00                    3953 	.db #0x00	; 0
    00000F3B 00                    3954 	.db #0x00	; 0
    00000F3C 89                    3955 	.db #0x89	; 137
    00000F3D 8A                    3956 	.db #0x8a	; 138
    00000F3E 00                    3957 	.db #0x00	; 0
    00000F3F 8B                    3958 	.db #0x8b	; 139
    00000F40 8C                    3959 	.db #0x8c	; 140
    00000F41 8D                    3960 	.db #0x8d	; 141
    00000F42 8E                    3961 	.db #0x8e	; 142
    00000F43 8F                    3962 	.db #0x8f	; 143
    00000F44 90                    3963 	.db #0x90	; 144
    00000F45 91                    3964 	.db #0x91	; 145
    00000F46 92                    3965 	.db #0x92	; 146
    00000F47 93                    3966 	.db #0x93	; 147
    00000F48 94                    3967 	.db #0x94	; 148
    00000F49 95                    3968 	.db #0x95	; 149
    00000F4A 96                    3969 	.db #0x96	; 150
    00000F4B 97                    3970 	.db #0x97	; 151
    00000F4C 98                    3971 	.db #0x98	; 152
    00000F4D 00                    3972 	.db #0x00	; 0
    00000F4E 00                    3973 	.db #0x00	; 0
    00000F4F 00                    3974 	.db #0x00	; 0
    00000F50 00                    3975 	.db #0x00	; 0
    00000F51 00                    3976 	.db #0x00	; 0
    00000F52 00                    3977 	.db #0x00	; 0
    00000F53 00                    3978 	.db #0x00	; 0
    00000F54 00                    3979 	.db #0x00	; 0
    00000F55 00                    3980 	.db #0x00	; 0
    00000F56 99                    3981 	.db #0x99	; 153
    00000F57 9A                    3982 	.db #0x9a	; 154
    00000F58 9B                    3983 	.db #0x9b	; 155
    00000F59 9C                    3984 	.db #0x9c	; 156
    00000F5A 9D                    3985 	.db #0x9d	; 157
    00000F5B 9E                    3986 	.db #0x9e	; 158
    00000F5C 9F                    3987 	.db #0x9f	; 159
    00000F5D A0                    3988 	.db #0xa0	; 160
    00000F5E A1                    3989 	.db #0xa1	; 161
    00000F5F A2                    3990 	.db #0xa2	; 162
    00000F60 A3                    3991 	.db #0xa3	; 163
    00000F61 A4                    3992 	.db #0xa4	; 164
    00000F62 00                    3993 	.db #0x00	; 0
    00000F63 00                    3994 	.db #0x00	; 0
    00000F64 00                    3995 	.db #0x00	; 0
    00000F65 00                    3996 	.db #0x00	; 0
    00000F66 00                    3997 	.db #0x00	; 0
    00000F67 00                    3998 	.db #0x00	; 0
    00000F68 00                    3999 	.db #0x00	; 0
    00000F69 00                    4000 	.db #0x00	; 0
    00000F6A 00                    4001 	.db #0x00	; 0
    00000F6B A5                    4002 	.db #0xa5	; 165
    00000F6C A6                    4003 	.db #0xa6	; 166
    00000F6D A7                    4004 	.db #0xa7	; 167
    00000F6E A8                    4005 	.db #0xa8	; 168
    00000F6F A9                    4006 	.db #0xa9	; 169
    00000F70 AA                    4007 	.db #0xaa	; 170
    00000F71 AB                    4008 	.db #0xab	; 171
    00000F72 AC                    4009 	.db #0xac	; 172
    00000F73 AD                    4010 	.db #0xad	; 173
    00000F74 AE                    4011 	.db #0xae	; 174
    00000F75 AF                    4012 	.db #0xaf	; 175
    00000F76 B0                    4013 	.db #0xb0	; 176
    00000F77 00                    4014 	.db #0x00	; 0
    00000F78 00                    4015 	.db #0x00	; 0
    00000F79 00                    4016 	.db #0x00	; 0
    00000F7A 00                    4017 	.db #0x00	; 0
    00000F7B 00                    4018 	.db #0x00	; 0
    00000F7C 00                    4019 	.db #0x00	; 0
    00000F7D 00                    4020 	.db #0x00	; 0
    00000F7E 00                    4021 	.db #0x00	; 0
    00000F7F 00                    4022 	.db #0x00	; 0
    00000F80 00                    4023 	.db #0x00	; 0
    00000F81 00                    4024 	.db #0x00	; 0
    00000F82 00                    4025 	.db #0x00	; 0
    00000F83 B1                    4026 	.db #0xb1	; 177
    00000F84 B2                    4027 	.db #0xb2	; 178
    00000F85 B3                    4028 	.db #0xb3	; 179
    00000F86 B4                    4029 	.db #0xb4	; 180
    00000F87 B5                    4030 	.db #0xb5	; 181
    00000F88 B6                    4031 	.db #0xb6	; 182
    00000F89 B7                    4032 	.db #0xb7	; 183
    00000F8A B8                    4033 	.db #0xb8	; 184
    00000F8B B9                    4034 	.db #0xb9	; 185
    00000F8C 00                    4035 	.db #0x00	; 0
    00000F8D 00                    4036 	.db #0x00	; 0
    00000F8E 00                    4037 	.db #0x00	; 0
    00000F8F 00                    4038 	.db #0x00	; 0
    00000F90 00                    4039 	.db #0x00	; 0
    00000F91 00                    4040 	.db #0x00	; 0
    00000F92 00                    4041 	.db #0x00	; 0
    00000F93 00                    4042 	.db #0x00	; 0
    00000F94 00                    4043 	.db #0x00	; 0
    00000F95 00                    4044 	.db #0x00	; 0
    00000F96 00                    4045 	.db #0x00	; 0
    00000F97 00                    4046 	.db #0x00	; 0
    00000F98 BA                    4047 	.db #0xba	; 186
    00000F99 BB                    4048 	.db #0xbb	; 187
    00000F9A BC                    4049 	.db #0xbc	; 188
    00000F9B BD                    4050 	.db #0xbd	; 189
    00000F9C BE                    4051 	.db #0xbe	; 190
    00000F9D BF                    4052 	.db #0xbf	; 191
    00000F9E C0                    4053 	.db #0xc0	; 192
    00000F9F C1                    4054 	.db #0xc1	; 193
    00000FA0 00                    4055 	.db #0x00	; 0
    00000FA1 00                    4056 	.db #0x00	; 0
    00000FA2 00                    4057 	.db #0x00	; 0
    00000FA3 00                    4058 	.db #0x00	; 0
    00000FA4 00                    4059 	.db #0x00	; 0
    00000FA5 00                    4060 	.db #0x00	; 0
    00000FA6 00                    4061 	.db #0x00	; 0
    00000FA7 00                    4062 	.db #0x00	; 0
    00000FA8 00                    4063 	.db #0x00	; 0
    00000FA9 00                    4064 	.db #0x00	; 0
    00000FAA 00                    4065 	.db #0x00	; 0
    00000FAB 00                    4066 	.db #0x00	; 0
    00000FAC C2                    4067 	.db #0xc2	; 194
    00000FAD C3                    4068 	.db #0xc3	; 195
    00000FAE C4                    4069 	.db #0xc4	; 196
    00000FAF C5                    4070 	.db #0xc5	; 197
    00000FB0 C6                    4071 	.db #0xc6	; 198
    00000FB1 C7                    4072 	.db #0xc7	; 199
    00000FB2 C8                    4073 	.db #0xc8	; 200
    00000FB3 C9                    4074 	.db #0xc9	; 201
    00000FB4 00                    4075 	.db #0x00	; 0
    00000FB5 00                    4076 	.db #0x00	; 0
    00000FB6 00                    4077 	.db #0x00	; 0
    00000FB7 00                    4078 	.db #0x00	; 0
    00000FB8 00                    4079 	.db #0x00	; 0
    00000FB9 CA                    4080 	.db #0xca	; 202
    00000FBA 00                    4081 	.db #0x00	; 0
    00000FBB CB                    4082 	.db #0xcb	; 203
    00000FBC 00                    4083 	.db #0x00	; 0
    00000FBD 00                    4084 	.db #0x00	; 0
    00000FBE 00                    4085 	.db #0x00	; 0
    00000FBF 00                    4086 	.db #0x00	; 0
    00000FC0 CC                    4087 	.db #0xcc	; 204
    00000FC1 CD                    4088 	.db #0xcd	; 205
    00000FC2 CE                    4089 	.db #0xce	; 206
    00000FC3 CF                    4090 	.db #0xcf	; 207
    00000FC4 D0                    4091 	.db #0xd0	; 208
    00000FC5 D1                    4092 	.db #0xd1	; 209
    00000FC6 D2                    4093 	.db #0xd2	; 210
    00000FC7 D3                    4094 	.db #0xd3	; 211
    00000FC8 00                    4095 	.db #0x00	; 0
    00000FC9 D4                    4096 	.db #0xd4	; 212
    00000FCA D5                    4097 	.db #0xd5	; 213
    00000FCB D6                    4098 	.db #0xd6	; 214
    00000FCC D7                    4099 	.db #0xd7	; 215
    00000FCD D8                    4100 	.db #0xd8	; 216
    00000FCE D9                    4101 	.db #0xd9	; 217
    00000FCF DA                    4102 	.db #0xda	; 218
    00000FD0 00                    4103 	.db #0x00	; 0
    00000FD1 00                    4104 	.db #0x00	; 0
    00000FD2 00                    4105 	.db #0x00	; 0
    00000FD3 00                    4106 	.db #0x00	; 0
    00000FD4 DB                    4107 	.db #0xdb	; 219
    00000FD5 DC                    4108 	.db #0xdc	; 220
    00000FD6 DD                    4109 	.db #0xdd	; 221
    00000FD7 DE                    4110 	.db #0xde	; 222
    00000FD8 DF                    4111 	.db #0xdf	; 223
    00000FD9 E0                    4112 	.db #0xe0	; 224
    00000FDA E1                    4113 	.db #0xe1	; 225
    00000FDB E2                    4114 	.db #0xe2	; 226
    00000FDC 00                    4115 	.db #0x00	; 0
    00000FDD 00                    4116 	.db #0x00	; 0
    00000FDE 00                    4117 	.db #0x00	; 0
    00000FDF 00                    4118 	.db #0x00	; 0
    00000FE0 00                    4119 	.db #0x00	; 0
    00000FE1 00                    4120 	.db #0x00	; 0
    00000FE2 00                    4121 	.db #0x00	; 0
    00000FE3 00                    4122 	.db #0x00	; 0
    00000FE4 00                    4123 	.db #0x00	; 0
    00000FE5 00                    4124 	.db #0x00	; 0
    00000FE6 00                    4125 	.db #0x00	; 0
    00000FE7 00                    4126 	.db #0x00	; 0
    00000FE8 00                    4127 	.db #0x00	; 0
    00000FE9 00                    4128 	.db #0x00	; 0
    00000FEA E3                    4129 	.db #0xe3	; 227
    00000FEB E4                    4130 	.db #0xe4	; 228
    00000FEC E5                    4131 	.db #0xe5	; 229
    00000FED E6                    4132 	.db #0xe6	; 230
    00000FEE E7                    4133 	.db #0xe7	; 231
    00000FEF 00                    4134 	.db #0x00	; 0
                                   4135 	.area _INITIALIZER
                                   4136 	.area _CABS (ABS)
